ADAL;ADAR;GapJunction;1
ADAL;ADFL;GapJunction;1
ADAL;AIBL;Send;1
ADAL;AIBR;Send;2
ADAL;ASHL;GapJunction;1
ADAL;AVAR;Send;2
ADAL;AVBL;Send;4
ADAL;AVBR;Send;2
ADAL;AVBR;Send;5
ADAL;AVDL;Send;1
ADAL;AVDR;GapJunction;2
ADAL;AVEL;Send;1
ADAL;AVJR;Send;5
ADAL;FLPR;Send;1
ADAL;PVQL;GapJunction;1
ADAL;RICL;Send;1
ADAL;RICL;Send;1
ADAL;RICR;Send;1
ADAL;RIML;Send;3
ADAL;RIPL;Send;1
ADAL;SMDVR;Send;2
ADAR;ADAL;GapJunction;1
ADAR;ADFR;GapJunction;1
ADAR;AIBL;Send;1
ADAR;AIBR;Send;1
ADAR;ASHR;GapJunction;1
ADAR;AVAL;Send;1
ADAR;AVBL;Send;1
ADAR;AVBL;Send;1
ADAR;AVBR;Send;5
ADAR;AVDL;GapJunction;2
ADAR;AVEL;Send;1
ADAR;AVJL;Send;1
ADAR;AVJL;Send;2
ADAR;PVQR;GapJunction;1
ADAR;RICL;Send;1
ADAR;RIMR;Send;5
ADAR;RIPR;Send;1
ADAR;RIVR;Send;1
ADAR;SMDVL;Send;2
ADEL;ADAL;Send;1
ADEL;ADER;Send;1
ADEL;AINL;GapJunction;1
ADEL;AVAL;Send;2
ADEL;AVAR;Send;3
ADEL;AVEL;Send;1
ADEL;AVKR;GapJunction;1
ADEL;AVL;Send;1
ADEL;BDUL;Send;1
ADEL;CEPDL;Send;1
ADEL;FLPL;Send;1
ADEL;FLPL;Send;1
ADEL;IL1L;Send;1
ADEL;IL2L;Send;1
ADEL;IL2L;Send;1
ADEL;OLLL;Send;1
ADEL;OLLL;Send;1
ADEL;RIAL;Send;1
ADEL;RIFL;Send;1
ADEL;RIGL;Send;2
ADEL;RIGL;Send;3
ADEL;RIGR;Send;3
ADEL;RIGR;Send;3
ADEL;RIH;Send;2
ADEL;RIVL;Send;1
ADEL;RIVR;Send;1
ADEL;RMDL;Send;2
ADEL;RMDL;Send;2
ADEL;RMGL;Send;1
ADEL;RMHL;Send;1
ADEL;SIADR;Send;1
ADEL;SIBDR;Send;1
ADEL;SMBDR;Send;1
ADEL;URBL;Send;1
ADER;ADAR;Send;1
ADER;ADEL;Send;2
ADER;ALA;Send;1
ADER;AVAL;Send;1
ADER;AVAL;Send;4
ADER;AVAR;Send;1
ADER;AVDR;Send;2
ADER;AVER;Send;1
ADER;AVJR;Send;1
ADER;AVKL;Send;1
ADER;AVKL;Send;1
ADER;AVKL;GapJunction;1
ADER;AVKR;Send;1
ADER;CEPDR;Send;1
ADER;FLPL;Send;1
ADER;FLPR;Send;1
ADER;OLLR;Send;2
ADER;PVR;Send;1
ADER;RIGL;Send;4
ADER;RIGL;Send;3
ADER;RIGR;Send;4
ADER;RIH;Send;1
ADER;RMDR;Send;2
ADER;SAAVR;Send;1
ADFL;ADAL;GapJunction;1
ADFL;ADAL;Send;1
ADFL;AIZL;Send;5
ADFL;AIZL;Send;7
ADFL;AUAL;Send;1
ADFL;AUAL;Send;4
ADFL;OLQVL;Send;1
ADFL;RIAL;Send;3
ADFL;RIAL;Send;12
ADFL;RIGL;Send;1
ADFL;RIR;Send;2
ADFL;SMBVL;Send;2
ADFR;ADAR;GapJunction;1
ADFR;ADAR;Send;1
ADFR;AIAR;GapJunction;1
ADFR;AIYR;Send;1
ADFR;AIZR;Send;3
ADFR;AIZR;Send;5
ADFR;ASHR;Send;1
ADFR;AUAR;Send;4
ADFR;AWBR;Send;1
ADFR;PVPR;Send;1
ADFR;RIAR;Send;1
ADFR;RIAR;Send;15
ADFR;RIGR;Send;1
ADFR;RIGR;Send;2
ADFR;RIR;Send;3
ADFR;SMBDR;Send;1
ADFR;SMBVR;Send;2
ADFR;URXR;Send;1
ADLL;ADLR;GapJunction;1
ADLL;AIAL;Send;2
ADLL;AIAL;Send;4
ADLL;AIBL;Send;2
ADLL;AIBL;Send;5
ADLL;AIBR;Send;1
ADLL;ALA;Send;2
ADLL;ASER;Send;1
ADLL;ASER;Send;2
ADLL;ASHL;Send;2
ADLL;AVAL;Send;2
ADLL;AVAR;Send;3
ADLL;AVBL;Send;2
ADLL;AVBL;Send;2
ADLL;AVDL;Send;1
ADLL;AVDR;Send;4
ADLL;AVDR;GapJunction;1
ADLL;AVJL;Send;1
ADLL;AVJR;Send;3
ADLL;AWBL;Send;2
ADLL;OLQVL;Send;1
ADLL;OLQVL;GapJunction;1
ADLL;RIPL;Send;1
ADLL;RMGL;GapJunction;1
ADLR;ADLL;GapJunction;1
ADLR;AIAR;Send;2
ADLR;AIAR;Send;8
ADLR;AIBR;Send;10
ADLR;ASER;Send;1
ADLR;ASHR;Send;1
ADLR;ASHR;Send;2
ADLR;AVAR;Send;2
ADLR;AVBL;Send;1
ADLR;AVBR;Send;2
ADLR;AVDL;Send;1
ADLR;AVDL;Send;4
ADLR;AVDR;Send;2
ADLR;AVJR;Send;1
ADLR;AVJR;Send;1
ADLR;AWCR;Send;3
ADLR;OLLR;Send;1
ADLR;PVCL;Send;1
ADLR;PVCL;Send;1
ADLR;RICL;Send;1
ADLR;RICR;Send;1
AFDL;AFDR;GapJunction;1
AFDL;AIBL;GapJunction;1
AFDL;AINR;Send;1
AFDL;AIYL;Send;7
AFDR;AFDL;GapJunction;1
AFDR;AIBR;GapJunction;1
AFDR;AIYR;Send;12
AFDR;AIYR;Send;1
AFDR;ASER;Send;1
AIAL;ADAL;Send;1
AIAL;AIAR;GapJunction;1
AIAL;AIBL;Send;3
AIAL;AIBL;Send;7
AIAL;AIML;Send;2
AIAL;AIZL;Send;1
AIAL;ASER;Send;1
AIAL;ASER;Send;2
AIAL;ASGL;Send;1
AIAL;ASHL;Send;1
AIAL;ASIL;GapJunction;2
AIAL;ASKL;Send;2
AIAL;ASKL;Send;1
AIAL;AWAL;GapJunction;1
AIAL;AWCR;Send;1
AIAL;HSNL;Send;1
AIAL;RIFL;Send;1
AIAL;RMGL;Send;1
AIAR;ADAR;Send;1
AIAR;ADFR;GapJunction;1
AIAR;ADLR;Send;2
AIAR;AIAL;GapJunction;1
AIAR;AIBR;Send;6
AIAR;AIBR;Send;8
AIAR;AIZR;Send;1
AIAR;ASER;Send;1
AIAR;ASGR;Send;1
AIAR;ASGR;Send;1
AIAR;ASIR;GapJunction;2
AIAR;AWAR;Send;1
AIAR;AWAR;GapJunction;1
AIAR;AWCL;Send;1
AIAR;AWCR;Send;1
AIAR;AWCR;Send;2
AIAR;RIFR;Send;2
AIBL;AFDL;GapJunction;1
AIBL;AIYL;Send;1
AIBL;ASER;Send;1
AIBL;AVAL;Send;2
AIBL;AVBL;Send;1
AIBL;AVBL;Send;4
AIBL;DVC;GapJunction;1
AIBL;FLPL;Send;1
AIBL;PVT;GapJunction;1
AIBL;RIBR;Send;1
AIBL;RIBR;Send;3
AIBL;RIFL;Send;1
AIBL;RIGR;Send;1
AIBL;RIGR;GapJunction;3
AIBL;RIML;Send;2
AIBL;RIMR;Send;1
AIBL;RIMR;Send;12
AIBL;RIMR;GapJunction;1
AIBL;RIVL;GapJunction;1
AIBL;SAADL;Send;2
AIBL;SAADR;Send;2
AIBL;SMDDR;Send;4
AIBR;AFDR;GapJunction;1
AIBR;AVAR;Send;1
AIBR;AVBR;Send;3
AIBR;AVEL;Send;1
AIBR;DB1;GapJunction;1
AIBR;DVC;GapJunction;2
AIBR;PVT;GapJunction;1
AIBR;RIAL;Send;1
AIBR;RIBL;Send;4
AIBR;RIGL;GapJunction;3
AIBR;RIML;Send;4
AIBR;RIML;Send;12
AIBR;RIML;GapJunction;1
AIBR;RIMR;Send;1
AIBR;RIS;GapJunction;1
AIBR;RIVR;GapJunction;1
AIBR;SAADL;Send;1
AIBR;SMDDL;Send;1
AIBR;SMDDL;Send;2
AIBR;SMDVL;Send;1
AIBR;VB1;Send;3
AIML;AIAL;Send;1
AIML;AIAL;Send;4
AIML;ALML;Send;1
AIML;ASGL;Send;2
AIML;ASKL;Send;2
AIML;AVBR;Send;2
AIML;AVDL;Send;1
AIML;AVDR;Send;1
AIML;AVER;Send;1
AIML;AVFL;Send;1
AIML;AVFL;Send;3
AIML;AVFR;Send;1
AIML;AVHL;Send;2
AIML;AVHR;Send;1
AIML;AVJL;Send;1
AIML;PVQL;Send;1
AIML;RIFL;Send;1
AIML;SIBDR;GapJunction;1
AIML;SMBVL;Send;1
AIMR;AIAR;Send;5
AIMR;ASGR;Send;2
AIMR;ASJR;Send;2
AIMR;ASKR;Send;3
AIMR;AVDR;Send;1
AIMR;AVFL;Send;1
AIMR;AVFL;Send;1
AIMR;AVFR;Send;1
AIMR;AVFR;Send;1
AIMR;HSNL;Send;1
AIMR;HSNR;Send;2
AIMR;OLQDR;Send;1
AIMR;PVNR;Send;1
AIMR;RIFR;Send;1
AIMR;RMGR;Send;1
AIMR;RMGR;Send;1
AINL;ADEL;GapJunction;1
AINL;AFDR;Send;2
AINL;AFDR;Send;3
AINL;AINR;GapJunction;2
AINL;ASEL;Send;1
AINL;ASEL;Send;2
AINL;ASGR;Send;1
AINL;ASGR;GapJunction;1
AINL;AUAR;Send;1
AINL;AUAR;GapJunction;1
AINL;BAGL;Send;3
AINL;RIBL;Send;1
AINL;RIBR;Send;2
AINR;AFDL;Send;3
AINR;AFDL;Send;1
AINR;AFDR;Send;1
AINR;AIAL;Send;2
AINR;AIBL;Send;2
AINR;AINL;GapJunction;2
AINR;ASEL;Send;1
AINR;ASER;Send;1
AINR;ASER;Send;1
AINR;ASGL;GapJunction;1
AINR;AUAL;GapJunction;1
AINR;AUAR;Send;1
AINR;BAGR;Send;3
AINR;RIBL;Send;2
AINR;RID;Send;1
AIYL;AIYR;GapJunction;1
AIYL;AIZL;Send;3
AIYL;AIZL;Send;10
AIYL;AWAL;Send;3
AIYL;AWCL;Send;1
AIYL;AWCR;Send;1
AIYL;HSNR;Send;1
AIYL;RIAL;Send;1
AIYL;RIAL;Send;6
AIYL;RIBL;Send;4
AIYL;RIML;GapJunction;1
AIYR;ADFR;Send;1
AIYR;AIYL;GapJunction;1
AIYR;AIZR;Send;8
AIYR;AWAR;Send;1
AIYR;HSNL;Send;1
AIYR;RIAR;Send;6
AIYR;RIBR;Send;2
AIYR;RIMR;GapJunction;1
AIZL;AIAL;Send;3
AIZL;AIBL;Send;2
AIZL;AIBL;Send;2
AIZL;AIBR;Send;2
AIZL;AIBR;Send;6
AIZL;AIZR;GapJunction;2
AIZL;ASEL;Send;1
AIZL;ASGL;GapJunction;1
AIZL;ASHL;GapJunction;1
AIZL;AVER;Send;5
AIZL;DVA;Send;1
AIZL;RIAL;Send;3
AIZL;RIAL;Send;5
AIZL;RIGL;Send;1
AIZL;RIML;Send;4
AIZL;SMBDL;Send;1
AIZL;SMBDL;Send;8
AIZL;SMBVL;Send;7
AIZL;VB2;Send;1
AIZR;AIAR;Send;1
AIZR;AIBL;Send;1
AIZR;AIBL;Send;7
AIZR;AIBR;Send;1
AIZR;AIZL;GapJunction;2
AIZR;ASGR;GapJunction;1
AIZR;ASHR;GapJunction;1
AIZR;AVEL;Send;4
AIZR;AVER;Send;1
AIZR;AVER;Send;1
AIZR;AWAR;GapJunction;1
AIZR;DVA;Send;1
AIZR;DVA;Send;1
AIZR;RIAR;Send;4
AIZR;RIAR;Send;3
AIZR;RIMR;Send;1
AIZR;RIMR;Send;3
AIZR;SMBDR;Send;5
AIZR;SMBVR;Send;3
AIZR;SMDDR;Send;1
ALA;ADEL;Send;1
ALA;AVAL;Send;1
ALA;AVEL;Send;2
ALA;AVER;Send;1
ALA;AVER;Send;1
ALA;RID;GapJunction;1
ALA;RMDR;Send;1
ALML;AVDR;Send;1
ALML;AVEL;Send;1
ALML;AVM;GapJunction;1
ALML;BDUL;Send;5
ALML;BDUL;Send;1
ALML;CEPDL;Send;3
ALML;CEPVL;Send;2
ALML;PVCL;Send;2
ALML;PVCL;Send;2
ALML;PVCR;Send;1
ALML;PVCR;Send;1
ALML;PVR;GapJunction;1
ALML;RMDDR;Send;1
ALML;RMGL;Send;1
ALML;SDQL;Send;1
ALMR;AVM;GapJunction;1
ALMR;BDUR;Send;5
ALMR;CEPDR;Send;1
ALMR;CEPVR;Send;1
ALMR;PVCR;Send;3
ALMR;RMDDL;Send;1
ALMR;SIADL;Send;1
ALNL;SAAVL;Send;3
ALNL;SMBDR;Send;2
ALNL;SMBDR;GapJunction;1
ALNL;SMDVL;Send;1
ALNR;ADER;Send;1
ALNR;RMHR;Send;1
ALNR;SAAVR;Send;2
ALNR;SMBDL;Send;2
ALNR;SMDDR;Send;1
ALNR;SMDVL;Send;1
AQR;AVAL;Send;1
AQR;AVAL;Send;1
AQR;AVAR;Send;1
AQR;AVAR;Send;2
AQR;AVBL;Send;1
AQR;AVBL;Send;2
AQR;AVBL;GapJunction;1
AQR;AVBR;Send;4
AQR;AVDL;Send;1
AQR;AVDR;Send;1
AQR;AVJL;Send;1
AQR;AVKL;GapJunction;2
AQR;AVKR;GapJunction;1
AQR;BAGL;Send;2
AQR;BAGR;Send;2
AQR;PVCR;Send;2
AQR;PVPL;Send;1
AQR;PVPL;GapJunction;7
AQR;PVPR;GapJunction;9
AQR;RIAL;Send;1
AQR;RIAL;Send;2
AQR;RIAR;Send;1
AQR;RIAR;Send;1
AQR;RIGL;GapJunction;2
AQR;RIGR;GapJunction;1
AQR;URXL;Send;1
AS1;AVAL;GapJunction;3
AS1;AVAR;GapJunction;2
AS1;DA1;Send;2
AS1;MUS;MUS;13
AS1;VA3;GapJunction;1
AS1;VD1;Send;5
AS1;VD2;GapJunction;1
AS2;DA2;GapJunction;1
AS2;DB1;Send;1
AS2;DD1;Send;1
AS2;MUS;MUS;11
AS2;VA4;GapJunction;2
AS2;VD2;Send;10
AS3;AVAL;GapJunction;2
AS3;AVAR;GapJunction;1
AS3;DA2;GapJunction;1
AS3;DA3;Send;1
AS3;DD1;Send;1
AS3;MUS;MUS;12
AS3;VA5;GapJunction;2
AS3;VD2;Send;1
AS3;VD3;Send;15
AS4;AS5;Send;1
AS4;DA3;GapJunction;1
AS4;MUS;MUS;9
AS4;VD4;Send;11
AS5;AVAL;GapJunction;1
AS5;AVAR;GapJunction;1
AS5;DD2;Send;1
AS5;MUS;MUS;10
AS5;VA7;GapJunction;1
AS5;VD5;Send;9
AS6;AVAL;GapJunction;1
AS6;AVAR;GapJunction;1
AS6;AVBR;GapJunction;1
AS6;DA5;GapJunction;2
AS6;MUS;MUS;10
AS6;VA8;GapJunction;1
AS6;VD6;Send;13
AS7;AVAL;GapJunction;6
AS7;AVAR;GapJunction;5
AS7;AVBL;GapJunction;2
AS7;AVBR;GapJunction;2
AS8;AVAL;GapJunction;4
AS8;AVAR;GapJunction;3
AS9;AVAL;GapJunction;4
AS9;AVAR;Send;1
AS9;AVAR;GapJunction;1
AS9;DVB;GapJunction;7
AS9;MUS;MUS;1
AS10;AVAL;GapJunction;1
AS10;AVAR;GapJunction;1
AS11;MUS;MUS;2
AS11;PDA;Send;1
AS11;PDB;Send;1
AS11;PDB;GapJunction;2
AS11;VD13;Send;2
ASEL;ADFR;Send;1
ASEL;AIAL;Send;3
ASEL;AIBL;Send;1
ASEL;AIBL;Send;6
ASEL;AIBR;Send;2
ASEL;AIBR;Send;2
ASEL;AIYL;Send;8
ASEL;AIYL;Send;5
ASEL;AIYR;Send;5
ASEL;AIYR;Send;1
ASEL;AWCL;Send;4
ASEL;AWCR;Send;1
ASEL;RIAR;Send;1
ASER;AFDL;Send;1
ASER;AFDL;Send;1
ASER;AFDR;Send;2
ASER;AIAL;Send;1
ASER;AIAL;Send;1
ASER;AIAR;Send;1
ASER;AIAR;Send;2
ASER;AIBL;Send;2
ASER;AIBR;Send;1
ASER;AIBR;Send;9
ASER;AIYL;Send;2
ASER;AIYL;Send;2
ASER;AIYR;Send;4
ASER;AIYR;Send;10
ASER;AWAR;Send;1
ASER;AWCL;Send;1
ASER;AWCR;Send;1
ASGL;AIAL;Send;6
ASGL;AIAL;Send;3
ASGL;AIBL;Send;3
ASGL;AINR;GapJunction;1
ASGL;AINR;Send;1
ASGL;AIZL;GapJunction;1
ASGL;ASKL;Send;1
ASGR;AIAR;Send;8
ASGR;AIAR;Send;2
ASGR;AIBR;Send;2
ASGR;AINL;GapJunction;1
ASGR;AIYR;Send;1
ASGR;AIZR;GapJunction;1
ASHL;ADAL;GapJunction;1
ASHL;ADAL;Send;1
ASHL;ADFL;Send;3
ASHL;AIAL;Send;5
ASHL;AIAL;Send;2
ASHL;AIBL;Send;2
ASHL;AIBL;Send;3
ASHL;AIZL;GapJunction;1
ASHL;ASHR;GapJunction;1
ASHL;ASKL;Send;1
ASHL;AVAL;Send;2
ASHL;AVBL;Send;6
ASHL;AVDL;Send;2
ASHL;AVDR;Send;2
ASHL;AVDR;Send;2
ASHL;RIAL;Send;4
ASHL;RICL;GapJunction;2
ASHL;RIML;Send;1
ASHL;RIPL;Send;1
ASHL;RMGL;GapJunction;1
ASHR;ADAR;GapJunction;1
ASHR;ADAR;Send;2
ASHR;ADFR;Send;2
ASHR;AIAR;Send;6
ASHR;AIAR;Send;4
ASHR;AIBR;Send;1
ASHR;AIBR;Send;2
ASHR;AIZR;GapJunction;1
ASHR;ASHL;GapJunction;1
ASHR;ASKR;GapJunction;1
ASHR;AVAR;Send;1
ASHR;AVAR;Send;4
ASHR;AVBR;Send;3
ASHR;AVDL;Send;1
ASHR;AVDL;Send;4
ASHR;AVDR;Send;1
ASHR;AVER;Send;3
ASHR;HSNR;Send;1
ASHR;PVPR;Send;1
ASHR;RIAR;Send;2
ASHR;RICR;GapJunction;2
ASHR;RMGR;Send;2
ASHR;RMGR;GapJunction;1
ASIL;AIAL;GapJunction;2
ASIL;AIBL;Send;1
ASIL;AIYL;Send;2
ASIL;AIZL;Send;1
ASIL;ASER;Send;1
ASIL;ASIR;GapJunction;1
ASIL;ASKL;Send;2
ASIL;AWCL;Send;1
ASIL;AWCL;Send;1
ASIL;AWCR;Send;1
ASIL;AWCR;Send;1
ASIL;RIBL;Send;1
ASIR;AIAL;Send;1
ASIR;AIAR;GapJunction;2
ASIR;AIAR;Send;1
ASIR;AIAR;Send;2
ASIR;AIBR;Send;1
ASIR;ASEL;Send;2
ASIR;ASHR;Send;1
ASIR;ASIL;GapJunction;1
ASIR;AWCL;Send;1
ASIR;AWCR;Send;1
ASIR;AWCR;Send;1
ASJL;ASJR;GapJunction;1
ASJL;ASKL;Send;4
ASJL;HSNL;Send;1
ASJL;HSNR;Send;1
ASJL;PVQL;Send;8
ASJL;PVQL;Send;6
ASJR;ASJL;GapJunction;1
ASJR;ASKR;Send;1
ASJR;ASKR;Send;3
ASJR;HSNR;Send;1
ASJR;PVQR;Send;9
ASJR;PVQR;Send;4
ASKL;AIAL;Send;7
ASKL;AIAL;Send;4
ASKL;AIBL;Send;2
ASKL;AIML;Send;2
ASKL;ASKR;GapJunction;1
ASKL;PVQL;GapJunction;5
ASKL;RMGL;GapJunction;1
ASKR;AIAR;Send;8
ASKR;AIAR;Send;3
ASKR;AIMR;Send;1
ASKR;ASHR;GapJunction;1
ASKR;ASKL;GapJunction;1
ASKR;AWAR;Send;1
ASKR;CEPVR;Send;1
ASKR;PVQR;GapJunction;4
ASKR;RIFR;Send;1
ASKR;RMGR;GapJunction;1
AUAL;AINR;GapJunction;1
AUAL;AUAR;GapJunction;1
AUAL;AVAL;Send;1
AUAL;AVAL;Send;2
AUAL;AVDR;Send;1
AUAL;AVEL;Send;3
AUAL;AWBL;GapJunction;1
AUAL;RIAL;Send;5
AUAL;RIBL;Send;2
AUAL;RIBL;Send;7
AUAR;AINL;GapJunction;1
AUAR;AIYR;Send;1
AUAR;AUAL;GapJunction;1
AUAR;AVAR;Send;1
AUAR;AVER;Send;1
AUAR;AVER;Send;3
AUAR;AWBR;GapJunction;1
AUAR;RIAR;Send;1
AUAR;RIAR;Send;5
AUAR;RIBR;Send;4
AUAR;RIBR;Send;9
AUAR;URXR;Send;1
AVAL;AS1;GapJunction;3
AVAL;AS2;Send;1
AVAL;AS3;GapJunction;2
AVAL;AS3;Send;1
AVAL;AS4;Send;1
AVAL;AS5;GapJunction;1
AVAL;AS5;Send;3
AVAL;AS6;GapJunction;1
AVAL;AS7;GapJunction;6
AVAL;AS7;Send;8
AVAL;AS8;GapJunction;4
AVAL;AS8;Send;5
AVAL;AS9;GapJunction;4
AVAL;AS9;Send;8
AVAL;AS10;GapJunction;1
AVAL;AS10;Send;2
AVAL;AS11;Send;4
AVAL;AVAR;Send;2
AVAL;AVAR;GapJunction;5
AVAL;AVBR;Send;1
AVAL;AVDL;Send;1
AVAL;AVHL;Send;1
AVAL;AVJL;GapJunction;2
AVAL;DA1;Send;2
AVAL;DA1;GapJunction;2
AVAL;DA2;Send;2
AVAL;DA2;GapJunction;2
AVAL;DA3;Send;6
AVAL;DA4;Send;7
AVAL;DA4;GapJunction;3
AVAL;DA5;Send;7
AVAL;DA5;GapJunction;1
AVAL;DA6;Send;11
AVAL;DA6;GapJunction;10
AVAL;DA7;Send;2
AVAL;DA7;GapJunction;2
AVAL;DA8;Send;4
AVAL;DA9;Send;2
AVAL;DA9;Send;1
AVAL;DB5;Send;2
AVAL;DB6;Send;1
AVAL;DB6;GapJunction;3
AVAL;FLPL;GapJunction;1
AVAL;LUAL;Send;1
AVAL;LUAL;GapJunction;1
AVAL;PVCL;Send;3
AVAL;PVCL;Send;7
AVAL;PVCL;GapJunction;2
AVAL;PVCR;Send;2
AVAL;PVCR;Send;4
AVAL;PVCR;GapJunction;5
AVAL;PVPL;GapJunction;1
AVAL;RIMR;GapJunction;3
AVAL;SABD;GapJunction;4
AVAL;SABVR;GapJunction;1
AVAL;SDQR;GapJunction;1
AVAL;URYDL;GapJunction;1
AVAL;URYVR;GapJunction;1
AVAL;VA1;GapJunction;3
AVAL;VA2;Send;1
AVAL;VA2;GapJunction;4
AVAL;VA3;Send;2
AVAL;VA3;GapJunction;1
AVAL;VA4;Send;2
AVAL;VA4;GapJunction;1
AVAL;VA5;Send;3
AVAL;VA5;GapJunction;5
AVAL;VA6;Send;4
AVAL;VA6;GapJunction;6
AVAL;VA7;GapJunction;2
AVAL;VA8;Send;9
AVAL;VA8;GapJunction;10
AVAL;VA9;Send;7
AVAL;VA9;GapJunction;1
AVAL;VA10;Send;5
AVAL;VA10;GapJunction;1
AVAL;VA11;Send;6
AVAL;VA11;GapJunction;1
AVAL;VA12;Send;2
AVAL;VB9;GapJunction;5
AVAR;ADER;Send;1
AVAR;AS1;GapJunction;2
AVAR;AS1;Send;1
AVAR;AS2;Send;2
AVAR;AS3;GapJunction;1
AVAR;AS3;Send;1
AVAR;AS4;Send;1
AVAR;AS5;GapJunction;1
AVAR;AS5;Send;1
AVAR;AS6;GapJunction;1
AVAR;AS6;Send;2
AVAR;AS7;GapJunction;5
AVAR;AS7;Send;3
AVAR;AS8;GapJunction;3
AVAR;AS8;Send;6
AVAR;AS9;GapJunction;1
AVAR;AS9;Send;5
AVAR;AS10;GapJunction;1
AVAR;AS10;Send;1
AVAR;AS11;Send;6
AVAR;AVAL;GapJunction;5
AVAR;AVAL;Send;1
AVAR;AVBL;Send;1
AVAR;AVDL;Send;1
AVAR;AVDR;Send;2
AVAR;AVEL;Send;2
AVAR;AVER;Send;2
AVAR;DA1;Send;2
AVAR;DA1;GapJunction;6
AVAR;DA2;Send;2
AVAR;DA2;GapJunction;2
AVAR;DA3;Send;3
AVAR;DA3;GapJunction;2
AVAR;DA4;Send;6
AVAR;DA4;GapJunction;2
AVAR;DA5;Send;2
AVAR;DA5;GapJunction;5
AVAR;DA6;Send;11
AVAR;DA6;GapJunction;2
AVAR;DA7;Send;3
AVAR;DA8;Send;1
AVAR;DA8;Send;7
AVAR;DA8;GapJunction;1
AVAR;DA9;Send;2
AVAR;DB3;Send;1
AVAR;DB5;Send;1
AVAR;DB5;GapJunction;2
AVAR;DB6;Send;5
AVAR;LUAL;Send;1
AVAR;LUAR;Send;3
AVAR;PDEL;Send;1
AVAR;PDER;Send;1
AVAR;PVCL;Send;2
AVAR;PVCL;Send;5
AVAR;PVCR;Send;5
AVAR;PVCR;GapJunction;3
AVAR;RIGL;Send;1
AVAR;RIML;GapJunction;2
AVAR;RIMR;GapJunction;1
AVAR;SABD;Send;1
AVAR;SABVL;Send;1
AVAR;SABVL;Send;2
AVAR;SABVL;GapJunction;3
AVAR;SABVR;GapJunction;1
AVAR;URYDR;GapJunction;1
AVAR;URYVL;GapJunction;1
AVAR;VA2;Send;2
AVAR;VA3;Send;5
AVAR;VA3;GapJunction;2
AVAR;VA4;Send;2
AVAR;VA4;GapJunction;3
AVAR;VA5;Send;1
AVAR;VA5;GapJunction;3
AVAR;VA6;Send;3
AVAR;VA6;GapJunction;2
AVAR;VA7;GapJunction;4
AVAR;VA8;Send;11
AVAR;VA8;Send;1
AVAR;VA8;GapJunction;4
AVAR;VA9;Send;4
AVAR;VA9;Send;2
AVAR;VA10;Send;4
AVAR;VA10;GapJunction;1
AVAR;VA11;Send;8
AVAR;VA11;GapJunction;7
AVAR;VA12;GapJunction;1
AVAR;VB9;GapJunction;4
AVAR;VD13;Send;2
AVBL;AQR;GapJunction;1
AVBL;AS3;Send;1
AVBL;AS4;Send;1
AVBL;AS5;Send;1
AVBL;AS6;Send;1
AVBL;AS7;GapJunction;2
AVBL;AS9;Send;1
AVBL;AS10;Send;1
AVBL;AVAL;Send;6
AVBL;AVAL;Send;1
AVBL;AVAR;Send;5
AVBL;AVAR;Send;2
AVBL;AVBR;Send;1
AVBL;AVBR;GapJunction;3
AVBL;AVDL;Send;1
AVBL;AVDR;Send;2
AVBL;AVEL;Send;1
AVBL;AVER;Send;2
AVBL;AVL;Send;1
AVBL;DB3;GapJunction;1
AVBL;DB4;GapJunction;1
AVBL;DB5;GapJunction;1
AVBL;DB6;GapJunction;2
AVBL;DB7;GapJunction;2
AVBL;DVA;GapJunction;1
AVBL;PVNR;Send;1
AVBL;RIBL;GapJunction;1
AVBL;RIBR;GapJunction;1
AVBL;RID;GapJunction;1
AVBL;SDQR;GapJunction;1
AVBL;SIBVL;GapJunction;1
AVBL;VA2;Send;1
AVBL;VA7;Send;1
AVBL;VA10;Send;1
AVBL;VB1;GapJunction;1
AVBL;VB2;Send;1
AVBL;VB2;GapJunction;3
AVBL;VB4;GapJunction;1
AVBL;VB5;GapJunction;1
AVBL;VB6;GapJunction;1
AVBL;VB7;GapJunction;2
AVBL;VB8;GapJunction;7
AVBL;VB9;GapJunction;1
AVBL;VB10;GapJunction;2
AVBL;VB11;GapJunction;2
AVBL;VC3;Send;1
AVBR;AS1;Send;1
AVBR;AS3;Send;1
AVBR;AS4;Send;1
AVBR;AS5;Send;1
AVBR;AS6;GapJunction;1
AVBR;AS6;Send;1
AVBR;AS7;GapJunction;2
AVBR;AS7;Send;1
AVBR;AS10;Send;1
AVBR;AVAL;Send;5
AVBR;AVAL;Send;1
AVBR;AVAR;Send;5
AVBR;AVAR;Send;2
AVBR;AVBL;GapJunction;3
AVBR;AVBL;Send;1
AVBR;DA5;Send;1
AVBR;DB1;GapJunction;3
AVBR;DB2;GapJunction;1
AVBR;DB3;GapJunction;1
AVBR;DB4;GapJunction;1
AVBR;DB5;GapJunction;1
AVBR;DB6;GapJunction;1
AVBR;DB7;GapJunction;1
AVBR;DD1;GapJunction;1
AVBR;DVA;GapJunction;1
AVBR;HSNR;Send;1
AVBR;PVNL;GapJunction;2
AVBR;RIBL;GapJunction;1
AVBR;RIBR;GapJunction;1
AVBR;RID;GapJunction;2
AVBR;SIBVL;GapJunction;1
AVBR;VA4;Send;1
AVBR;VA8;GapJunction;1
AVBR;VA9;Send;1
AVBR;VA9;GapJunction;1
AVBR;VB2;GapJunction;1
AVBR;VB3;GapJunction;1
AVBR;VB4;GapJunction;1
AVBR;VB6;GapJunction;2
AVBR;VB7;GapJunction;2
AVBR;VB8;GapJunction;3
AVBR;VB9;GapJunction;6
AVBR;VB10;GapJunction;1
AVBR;VB11;GapJunction;1
AVBR;VD3;Send;1
AVBR;VD10;GapJunction;1
AVDL;ADAR;GapJunction;2
AVDL;AS1;Send;1
AVDL;AS4;Send;1
AVDL;AS5;Send;1
AVDL;AS10;Send;1
AVDL;AS11;Send;2
AVDL;AVAL;Send;1
AVDL;AVAL;Send;12
AVDL;AVAR;Send;2
AVDL;AVAR;Send;17
AVDL;AVM;GapJunction;2
AVDL;DA1;Send;1
AVDL;DA2;Send;1
AVDL;DA3;Send;4
AVDL;DA4;Send;1
AVDL;DA4;Send;1
AVDL;DA5;Send;1
AVDL;DA8;Send;1
AVDL;FLPL;GapJunction;1
AVDL;FLPR;GapJunction;1
AVDL;LUAL;Send;1
AVDL;PVCL;Send;1
AVDL;SABD;Send;1
AVDL;SABD;Send;1
AVDL;SABVL;Send;1
AVDL;SABVR;Send;1
AVDL;VA5;Send;1
AVDL;VA5;Send;1
AVDR;ADAL;GapJunction;2
AVDR;ADLL;GapJunction;1
AVDR;AS5;Send;1
AVDR;AS10;Send;1
AVDR;AVAL;Send;3
AVDR;AVAL;Send;13
AVDR;AVAR;Send;1
AVDR;AVAR;Send;14
AVDR;AVBL;Send;1
AVDR;AVDL;Send;2
AVDR;AVJL;GapJunction;2
AVDR;DA1;Send;2
AVDR;DA2;Send;1
AVDR;DA3;Send;1
AVDR;DA3;Send;1
AVDR;DA4;Send;1
AVDR;DA4;Send;1
AVDR;DA5;Send;2
AVDR;DA8;Send;1
AVDR;DA9;Send;1
AVDR;DB4;Send;1
AVDR;DVC;Send;1
AVDR;FLPR;GapJunction;1
AVDR;LUAL;Send;2
AVDR;PQR;Send;1
AVDR;SABD;Send;1
AVDR;SABVL;Send;3
AVDR;SABVR;Send;1
AVDR;VA2;Send;1
AVDR;VA3;Send;2
AVDR;VA6;Send;1
AVDR;VA11;Send;1
AVEL;AS1;Send;1
AVEL;AVAL;Send;2
AVEL;AVAL;Send;10
AVEL;AVAR;Send;4
AVEL;AVAR;Send;3
AVEL;AVER;GapJunction;1
AVEL;DA1;Send;5
AVEL;DA2;Send;1
AVEL;DA3;Send;1
AVEL;DA3;Send;2
AVEL;DA4;Send;1
AVEL;PVCR;Send;1
AVEL;PVT;Send;1
AVEL;RIML;GapJunction;2
AVEL;RIMR;GapJunction;3
AVEL;RMDVR;GapJunction;1
AVEL;RMEV;GapJunction;1
AVEL;SABD;Send;6
AVEL;SABVL;Send;7
AVEL;SABVR;Send;3
AVEL;VA1;Send;5
AVEL;VA3;Send;1
AVEL;VA3;Send;2
AVEL;VD2;Send;1
AVEL;VD3;Send;1
AVER;AS1;Send;1
AVER;AS1;Send;2
AVER;AS2;Send;2
AVER;AS3;Send;1
AVER;AVAL;Send;2
AVER;AVAL;Send;5
AVER;AVAR;Send;16
AVER;AVDR;Send;1
AVER;AVEL;GapJunction;1
AVER;DA1;Send;5
AVER;DA2;Send;1
AVER;DA2;Send;2
AVER;DA3;Send;1
AVER;DB3;Send;1
AVER;RIML;GapJunction;3
AVER;RIMR;GapJunction;2
AVER;RMDVL;GapJunction;1
AVER;RMDVR;GapJunction;1
AVER;RMEV;GapJunction;1
AVER;SABD;Send;2
AVER;SABVL;Send;3
AVER;SABVR;Send;3
AVER;VA1;Send;1
AVER;VA2;Send;1
AVER;VA3;Send;2
AVER;VA4;Send;1
AVER;VA5;Send;1
AVFL;AVBL;Send;1
AVFL;AVBR;Send;2
AVFL;AVFR;Send;1
AVFL;AVFR;Send;6
AVFL;AVFR;GapJunction;23
AVFL;AVG;Send;1
AVFL;AVG;Send;1
AVFL;AVHL;Send;2
AVFL;AVHL;GapJunction;2
AVFL;AVHR;Send;3
AVFL;AVHR;Send;1
AVFL;AVHR;GapJunction;3
AVFL;AVJL;Send;1
AVFL;AVJR;Send;1
AVFL;AVL;Send;1
AVFL;HSNL;Send;1
AVFL;MUS;MUS;2
AVFL;PDER;Send;1
AVFL;PVNL;Send;2
AVFL;PVQL;Send;1
AVFL;PVQR;Send;1
AVFL;PVQR;GapJunction;1
AVFL;VB1;Send;1
AVFL;VB1;Send;0
AVFR;ASJL;Send;1
AVFR;ASKL;Send;1
AVFR;AVBL;Send;1
AVFR;AVBR;Send;3
AVFR;AVBR;Send;2
AVFR;AVFL;GapJunction;23
AVFR;AVFL;Send;1
AVFR;AVHL;Send;2
AVFR;AVHL;GapJunction;2
AVFR;AVHR;Send;1
AVFR;AVHR;GapJunction;1
AVFR;AVJL;Send;1
AVFR;AVJL;Send;1
AVFR;AVJR;Send;1
AVFR;HSNR;Send;1
AVFR;MUS;MUS;4
AVFR;PVQL;Send;1
AVFR;VC4;GapJunction;1
AVFR;VD11;Send;1
AVG;AVAR;Send;1
AVG;AVAR;Send;2
AVG;AVBL;Send;1
AVG;AVBL;Send;1
AVG;AVBR;Send;2
AVG;AVDR;Send;1
AVG;AVEL;Send;1
AVG;AVER;Send;1
AVG;AVFL;Send;1
AVG;AVJL;Send;1
AVG;AVL;Send;1
AVG;DA8;Send;1
AVG;PHAL;Send;2
AVG;PVCL;Send;1
AVG;PVNR;Send;1
AVG;PVNR;Send;1
AVG;PVPR;Send;1
AVG;PVQR;Send;1
AVG;PVT;Send;1
AVG;RIFL;GapJunction;1
AVG;RIFR;GapJunction;1
AVG;VA11;Send;1
AVHL;ADFR;Send;3
AVHL;AVBL;Send;1
AVHL;AVBR;Send;1
AVHL;AVDL;Send;1
AVHL;AVFL;GapJunction;2
AVHL;AVFL;Send;1
AVHL;AVFR;GapJunction;2
AVHL;AVFR;Send;3
AVHL;AVHR;Send;1
AVHL;AVHR;GapJunction;1
AVHL;AVJL;Send;2
AVHL;AVJL;Send;1
AVHL;AWBR;Send;1
AVHL;PHBR;GapJunction;1
AVHL;PVPR;Send;2
AVHL;PVQL;Send;1
AVHL;PVQR;Send;2
AVHL;RIMR;Send;1
AVHL;RIR;Send;3
AVHL;SMBDR;Send;1
AVHL;SMBVR;Send;2
AVHL;VD1;Send;1
AVHR;ADLL;Send;1
AVHR;ADLR;Send;2
AVHR;AQR;Send;2
AVHR;AVBL;Send;2
AVHR;AVBR;Send;1
AVHR;AVDR;Send;1
AVHR;AVFL;GapJunction;3
AVHR;AVFL;Send;2
AVHR;AVFR;GapJunction;1
AVHR;AVFR;Send;1
AVHR;AVHL;GapJunction;1
AVHR;AVHL;Send;1
AVHR;AVJR;Send;4
AVHR;PVNL;Send;1
AVHR;PVPL;Send;3
AVHR;RIGL;Send;1
AVHR;RIR;Send;1
AVHR;RIR;Send;3
AVHR;SMBDL;Send;1
AVHR;SMBVL;Send;1
AVJL;AVAL;GapJunction;2
AVJL;AVAR;Send;1
AVJL;AVBL;Send;1
AVJL;AVBR;Send;4
AVJL;AVDL;Send;1
AVJL;AVDR;GapJunction;2
AVJL;AVEL;Send;1
AVJL;AVFR;Send;1
AVJL;AVHL;Send;2
AVJL;AVJR;GapJunction;4
AVJL;HSNR;Send;1
AVJL;PLMR;Send;2
AVJL;PVCL;Send;1
AVJL;PVCL;GapJunction;1
AVJL;PVCR;Send;2
AVJL;PVCR;GapJunction;3
AVJL;PVNR;Send;1
AVJL;RIFR;Send;1
AVJL;RIS;Send;1
AVJL;RIS;GapJunction;1
AVJR;AVAL;Send;1
AVJR;AVAR;Send;1
AVJR;AVBL;Send;1
AVJR;AVBL;Send;2
AVJR;AVBR;Send;1
AVJR;AVDL;Send;1
AVJR;AVDR;Send;1
AVJR;AVDR;Send;2
AVJR;AVER;Send;1
AVJR;AVER;Send;2
AVJR;AVJL;GapJunction;4
AVJR;AVJL;Send;1
AVJR;PVCL;Send;2
AVJR;PVCL;GapJunction;1
AVJR;PVCR;Send;1
AVJR;PVCR;Send;3
AVJR;PVQR;Send;1
AVJR;SABVL;Send;1
AVKL;ADER;GapJunction;1
AVKL;AQR;GapJunction;2
AVKL;AVBL;Send;1
AVKL;AVEL;Send;2
AVKL;AVER;Send;1
AVKL;AVKR;GapJunction;2
AVKL;AVM;Send;1
AVKL;DVA;Send;1
AVKL;PDEL;Send;2
AVKL;PDEL;Send;1
AVKL;PDER;Send;1
AVKL;PVM;Send;1
AVKL;PVPL;GapJunction;1
AVKL;PVPR;GapJunction;1
AVKL;PVT;GapJunction;2
AVKL;RICL;GapJunction;1
AVKL;RICR;GapJunction;1
AVKL;RIGL;GapJunction;1
AVKL;RIML;Send;2
AVKL;RIMR;Send;1
AVKL;RMFR;Send;1
AVKL;SAADR;Send;1
AVKL;SIAVR;Send;1
AVKL;SMBDL;GapJunction;1
AVKL;SMBDR;GapJunction;1
AVKL;SMBVR;GapJunction;1
AVKL;SMDDR;Send;1
AVKL;VB1;GapJunction;4
AVKL;VB10;GapJunction;1
AVKR;ADEL;GapJunction;1
AVKR;AQR;GapJunction;1
AVKR;AVKL;GapJunction;2
AVKR;BDUL;Send;1
AVKR;MUS;MUS;1
AVKR;MUS;MUS;1
AVKR;PVPL;GapJunction;6
AVKR;PVQL;Send;1
AVKR;RICL;GapJunction;1
AVKR;RIGR;GapJunction;1
AVKR;RIML;Send;2
AVKR;RIMR;Send;2
AVKR;RMDR;Send;1
AVKR;RMFL;Send;1
AVKR;SAADL;Send;1
AVKR;SMBDL;Send;1
AVKR;SMBDL;GapJunction;1
AVKR;SMBDR;GapJunction;2
AVKR;SMBVR;GapJunction;1
AVKR;SMDDL;Send;1
AVKR;SMDDR;Send;2
AVL;AVEL;Send;1
AVL;AVFR;Send;1
AVL;DA2;Send;1
AVL;DD1;Send;1
AVL;DD6;Send;2
AVL;DVB;GapJunction;1
AVL;DVC;GapJunction;9
AVL;HSNR;Send;1
AVL;MUS;MUS;10
AVL;PVM;GapJunction;1
AVL;PVPR;Send;1
AVL;PVWL;Send;1
AVL;SABD;Send;1
AVL;SABD;Send;4
AVL;SABVL;Send;4
AVL;SABVR;Send;3
AVL;VD12;Send;4
AVM;ADER;Send;1
AVM;ADER;Send;1
AVM;ALML;GapJunction;1
AVM;ALMR;GapJunction;1
AVM;AVBL;Send;6
AVM;AVBR;Send;2
AVM;AVBR;Send;4
AVM;AVDL;GapJunction;2
AVM;AVJR;Send;1
AVM;BDUL;Send;2
AVM;BDUL;Send;1
AVM;BDUR;Send;2
AVM;BDUR;Send;2
AVM;DA1;Send;1
AVM;PVCL;Send;4
AVM;PVCR;Send;1
AVM;PVCR;Send;4
AVM;PVNL;Send;1
AVM;PVR;Send;3
AVM;RID;Send;1
AVM;SIBVL;Send;1
AVM;VA1;Send;2
AWAL;ADAL;Send;1
AWAL;AFDL;Send;1
AWAL;AFDL;Send;4
AWAL;AIAL;GapJunction;1
AWAL;AIYL;Send;1
AWAL;AIZL;Send;3
AWAL;AIZL;Send;7
AWAL;ASEL;Send;4
AWAL;ASGL;Send;1
AWAL;AWAR;GapJunction;1
AWAL;AWBL;Send;1
AWAR;ADFR;Send;3
AWAR;AFDR;Send;1
AWAR;AFDR;Send;6
AWAR;AIAR;GapJunction;1
AWAR;AIYR;Send;2
AWAR;AIZR;GapJunction;1
AWAR;AIZR;Send;2
AWAR;AIZR;Send;5
AWAR;ASEL;Send;1
AWAR;ASER;Send;2
AWAR;AUAR;Send;1
AWAR;AWAL;GapJunction;1
AWAR;AWBR;Send;1
AWAR;RIFR;Send;2
AWAR;RIGR;Send;1
AWAR;RIR;Send;2
AWBL;ADFL;Send;1
AWBL;ADFL;Send;8
AWBL;AIBR;Send;1
AWBL;AIZL;Send;3
AWBL;AIZL;Send;6
AWBL;AUAL;GapJunction;1
AWBL;AVBL;Send;1
AWBL;AWBR;GapJunction;1
AWBL;RIAL;Send;1
AWBL;RIAL;Send;2
AWBL;RMGL;GapJunction;1
AWBL;SMBDL;Send;1
AWBR;ADFR;Send;1
AWBR;ADFR;Send;3
AWBR;AIZR;Send;1
AWBR;AIZR;Send;3
AWBR;ASGR;Send;1
AWBR;ASHR;Send;2
AWBR;AUAR;GapJunction;1
AWBR;AVBR;Send;2
AWBR;AWBL;GapJunction;1
AWBR;RIAR;Send;1
AWBR;RICL;GapJunction;1
AWBR;RIR;Send;2
AWBR;RMGR;GapJunction;1
AWBR;SMBVR;Send;1
AWCL;AIAL;Send;2
AWCL;AIAR;Send;3
AWCL;AIAR;Send;1
AWCL;AIBL;Send;1
AWCL;AIBL;Send;1
AWCL;AIBR;Send;1
AWCL;AIYL;Send;7
AWCL;AIYL;Send;3
AWCL;ASEL;Send;1
AWCL;AVAL;Send;1
AWCL;AWCR;Send;1
AWCL;RIAL;Send;2
AWCL;RIAL;Send;1
AWCR;AIAR;Send;1
AWCR;AIAR;Send;1
AWCR;AIBR;Send;4
AWCR;AIYL;Send;1
AWCR;AIYL;Send;3
AWCR;AIYR;Send;3
AWCR;AIYR;Send;6
AWCR;ASEL;Send;1
AWCR;ASGR;Send;1
AWCR;AWCL;Send;1
AWCR;AWCL;Send;4
BAGL;AIBL;Send;1
BAGL;AVAR;Send;1
BAGL;AVAR;Send;1
BAGL;AVEL;Send;1
BAGL;AVER;Send;1
BAGL;AVER;Send;3
BAGL;BAGR;Send;1
BAGL;BAGR;GapJunction;1
BAGL;RIAR;Send;2
BAGL;RIAR;Send;3
BAGL;RIBL;Send;1
BAGL;RIBR;Send;1
BAGL;RIBR;Send;6
BAGL;RIGL;Send;1
BAGL;RIGR;Send;3
BAGL;RIGR;Send;1
BAGL;RIGR;GapJunction;1
BAGL;RIR;GapJunction;1
BAGR;AIYL;Send;1
BAGR;AVAL;Send;1
BAGR;AVAL;Send;1
BAGR;AVEL;Send;2
BAGR;AVEL;Send;2
BAGR;BAGL;GapJunction;1
BAGR;RIAL;Send;2
BAGR;RIAL;Send;3
BAGR;RIBL;Send;1
BAGR;RIBL;Send;3
BAGR;RIGL;Send;2
BAGR;RIGL;Send;3
BAGR;RIGL;GapJunction;1
BAGR;RIR;GapJunction;1
BDUL;ADEL;Send;3
BDUL;AVHL;Send;1
BDUL;AVJR;Send;1
BDUL;HSNL;Send;1
BDUL;PVNL;Send;2
BDUL;PVNR;Send;2
BDUL;SAADL;Send;1
BDUL;URADL;Send;1
BDUR;ADER;Send;1
BDUR;ALMR;Send;1
BDUR;AVAL;Send;3
BDUR;AVHL;Send;1
BDUR;AVJL;Send;2
BDUR;HSNR;Send;1
BDUR;HSNR;Send;3
BDUR;PVCL;Send;1
BDUR;PVCL;Send;1
BDUR;PVNL;Send;2
BDUR;PVNL;Send;2
BDUR;PVNR;Send;1
BDUR;SDQL;Send;1
BDUR;URADR;Send;1
CEPDL;AVER;Send;1
CEPDL;AVER;Send;4
CEPDL;IL1DL;Send;4
CEPDL;OLLL;Send;2
CEPDL;OLQDL;Send;6
CEPDL;OLQDL;GapJunction;1
CEPDL;RIBL;Send;2
CEPDL;RICL;Send;1
CEPDL;RICL;Send;1
CEPDL;RICR;Send;2
CEPDL;RICR;Send;2
CEPDL;RIH;GapJunction;1
CEPDL;RIPL;Send;2
CEPDL;RIS;Send;1
CEPDL;RMDVL;Send;1
CEPDL;RMDVL;Send;2
CEPDL;RMGL;Send;1
CEPDL;RMGL;Send;3
CEPDL;RMHR;Send;1
CEPDL;RMHR;Send;3
CEPDL;SIADR;Send;1
CEPDL;SIADR;Send;1
CEPDL;SMBDR;Send;1
CEPDL;URADL;Send;2
CEPDL;URBL;Send;4
CEPDL;URYDL;Send;2
CEPDR;AVEL;Send;6
CEPDR;BDUR;Send;1
CEPDR;IL1DR;Send;5
CEPDR;IL1R;Send;1
CEPDR;OLLR;Send;1
CEPDR;OLLR;Send;7
CEPDR;OLQDR;Send;5
CEPDR;OLQDR;GapJunction;2
CEPDR;RIBR;Send;1
CEPDR;RICL;Send;4
CEPDR;RICR;Send;3
CEPDR;RIH;GapJunction;1
CEPDR;RIS;Send;1
CEPDR;RMDDL;Send;1
CEPDR;RMDVR;Send;2
CEPDR;RMGR;Send;1
CEPDR;RMHL;Send;4
CEPDR;RMHR;Send;1
CEPDR;SIADL;Send;1
CEPDR;SMBDR;Send;1
CEPDR;URADR;Send;1
CEPDR;URBR;Send;2
CEPDR;URYDR;Send;1
CEPVL;ADLL;Send;1
CEPVL;AVER;Send;1
CEPVL;AVER;Send;2
CEPVL;IL1VL;Send;2
CEPVL;OLLL;Send;4
CEPVL;OLQVL;Send;6
CEPVL;OLQVL;GapJunction;1
CEPVL;RICL;Send;1
CEPVL;RICL;Send;6
CEPVL;RICR;Send;4
CEPVL;RIH;GapJunction;1
CEPVL;RIPL;Send;1
CEPVL;RMDDL;Send;4
CEPVL;RMHL;Send;1
CEPVL;SIAVL;Send;1
CEPVL;SIAVL;Send;1
CEPVL;URAVL;Send;2
CEPVR;ASGR;Send;1
CEPVR;AVEL;Send;1
CEPVR;AVEL;Send;4
CEPVR;IL1VR;Send;1
CEPVR;IL1VR;Send;1
CEPVR;IL2VR;Send;2
CEPVR;OLLR;Send;1
CEPVR;OLLR;Send;6
CEPVR;OLQVR;Send;3
CEPVR;OLQVR;GapJunction;1
CEPVR;RICL;Send;2
CEPVR;RICR;Send;2
CEPVR;RICR;Send;2
CEPVR;RIH;GapJunction;1
CEPVR;RIPR;Send;1
CEPVR;RIVL;Send;1
CEPVR;RMDDR;Send;2
CEPVR;RMHR;Send;2
CEPVR;SIAVR;Send;2
CEPVR;URAVR;Send;1
DA1;AVAL;GapJunction;2
DA1;AVAR;GapJunction;6
DA1;DA4;GapJunction;1
DA1;DD1;Send;4
DA1;MUS;MUS;16
DA1;SABVL;GapJunction;2
DA1;SABVR;GapJunction;3
DA1;VD1;Send;17
DA1;VD2;Send;1
DA2;AS2;GapJunction;1
DA2;AS3;GapJunction;1
DA2;AVAL;GapJunction;2
DA2;AVAR;GapJunction;2
DA2;DD1;Send;1
DA2;MUS;MUS;15
DA2;SABVL;GapJunction;1
DA2;VA1;GapJunction;2
DA2;VD1;Send;2
DA2;VD2;Send;11
DA2;VD3;Send;5
DA3;AS4;GapJunction;1
DA3;AS4;Send;1
DA3;AVAR;GapJunction;2
DA3;DA4;Send;2
DA3;DB3;Send;1
DA3;DD2;Send;1
DA3;MUS;MUS;30
DA3;VD3;Send;25
DA3;VD4;Send;6
DA4;AVAL;GapJunction;3
DA4;AVAR;GapJunction;2
DA4;DA1;GapJunction;1
DA4;DA3;Send;1
DA4;DB3;Send;1
DA4;DB3;GapJunction;1
DA4;DD2;Send;1
DA4;MUS;MUS;26
DA4;VB6;GapJunction;1
DA4;VD4;Send;12
DA4;VD5;Send;15
DA5;AS6;GapJunction;2
DA5;AVAL;GapJunction;1
DA5;AVAR;GapJunction;5
DA5;DB4;Send;1
DA5;MUS;MUS;17
DA5;VA4;GapJunction;1
DA5;VA5;GapJunction;2
DA5;VD5;Send;1
DA5;VD6;Send;16
DA6;AVAL;GapJunction;10
DA6;AVAR;GapJunction;2
DA6;MUS;MUS;6
DA6;VD4;Send;4
DA6;VD5;Send;3
DA6;VD6;Send;3
DA7;AVAL;GapJunction;2
DA8;AVAR;GapJunction;1
DA8;DA9;GapJunction;1
DA9;DA8;GapJunction;1
DA9;DD6;Send;1
DA9;MUS;MUS;1
DA9;PDA;GapJunction;1
DA9;PHCL;GapJunction;1
DA9;RID;GapJunction;1
DA9;VD13;Send;1
DB1;AIBR;GapJunction;1
DB1;AS1;Send;1
DB1;AS2;Send;1
DB1;AS3;Send;1
DB1;AVBR;GapJunction;3
DB1;DB2;GapJunction;1
DB1;DB4;GapJunction;1
DB1;DD1;Send;10
DB1;DVA;GapJunction;1
DB1;MUS;MUS;3
DB1;RID;GapJunction;1
DB1;RIS;GapJunction;1
DB1;VB3;GapJunction;1
DB1;VB4;GapJunction;1
DB1;VD1;Send;21
DB1;VD2;Send;15
DB1;VD3;Send;1
DB2;AVBR;GapJunction;1
DB2;DA3;Send;5
DB2;DB1;GapJunction;1
DB2;DB3;GapJunction;6
DB2;DD2;Send;2
DB2;MUS;MUS;24
DB2;VB1;GapJunction;2
DB2;VD3;Send;23
DB2;VD4;Send;14
DB2;VD5;Send;1
DB3;AS4;Send;1
DB3;AS5;Send;1
DB3;AVBL;GapJunction;1
DB3;AVBR;GapJunction;1
DB3;DA4;GapJunction;1
DB3;DB2;GapJunction;6
DB3;DB4;GapJunction;1
DB3;DD2;Send;4
DB3;DD3;Send;10
DB3;MUS;MUS;25
DB3;VD4;Send;9
DB3;VD5;Send;26
DB3;VD6;Send;7
DB4;AVBL;GapJunction;1
DB4;AVBR;GapJunction;1
DB4;DB1;GapJunction;1
DB4;DB3;GapJunction;1
DB4;DD3;Send;3
DB4;MUS;MUS;6
DB4;VB2;GapJunction;1
DB4;VB4;GapJunction;1
DB4;VD6;Send;13
DB5;AVAR;GapJunction;2
DB5;AVBL;GapJunction;1
DB5;AVBR;GapJunction;1
DB6;AVAL;GapJunction;3
DB6;AVBL;GapJunction;2
DB6;AVBR;GapJunction;1
DB7;AVBL;GapJunction;2
DB7;AVBR;GapJunction;1
DB7;VD13;Send;2
DD1;AVBR;GapJunction;1
DD1;DA2;Send;2
DD1;DD2;GapJunction;1
DD1;MUS;MUS;34
DD1;VD1;GapJunction;4
DD1;VD2;Send;1
DD1;VD2;GapJunction;2
DD2;DA3;Send;1
DD2;DD1;GapJunction;1
DD2;DD3;GapJunction;2
DD2;MUS;MUS;28
DD2;VD3;Send;1
DD2;VD4;Send;1
DD2;VD4;GapJunction;2
DD3;DD2;GapJunction;2
DD3;DD4;GapJunction;1
DD3;MUS;MUS;32
DD4;DD3;GapJunction;1
DD4;VC3;GapJunction;1
DD4;VD8;GapJunction;1
DD5;MUS;MUS;1
DD5;VB8;Send;1
DD5;VD9;Send;1
DD5;VD10;GapJunction;1
DD6;MUS;MUS;1
DVA;AIZL;Send;3
DVA;AQR;Send;1
DVA;AQR;Send;3
DVA;AUAL;Send;1
DVA;AUAR;Send;1
DVA;AVAL;Send;3
DVA;AVAR;Send;1
DVA;AVBL;GapJunction;1
DVA;AVBL;Send;1
DVA;AVBR;GapJunction;1
DVA;AVEL;Send;3
DVA;AVEL;Send;6
DVA;AVER;Send;2
DVA;AVER;Send;3
DVA;DB1;GapJunction;1
DVA;DB2;Send;1
DVA;DB3;Send;2
DVA;DB4;Send;1
DVA;DB5;Send;1
DVA;DB6;Send;2
DVA;DB7;Send;1
DVA;DB7;Send;1
DVA;PDEL;Send;1
DVA;PDEL;Send;2
DVA;PVCL;Send;3
DVA;PVCL;GapJunction;1
DVA;PVCR;Send;1
DVA;PVR;Send;1
DVA;PVR;Send;2
DVA;PVR;GapJunction;2
DVA;RIAL;Send;1
DVA;RIAR;Send;1
DVA;RIAR;Send;1
DVA;RIMR;Send;1
DVA;RIR;Send;3
DVA;SAADR;Send;1
DVA;SAAVL;Send;1
DVA;SAAVR;Send;1
DVA;SABD;Send;1
DVA;SMBDL;Send;3
DVA;SMBDR;Send;2
DVA;SMBVL;Send;3
DVA;SMBVR;Send;2
DVA;VA2;Send;1
DVA;VA12;Send;1
DVA;VB1;Send;1
DVA;VB11;Send;2
DVB;AS9;GapJunction;7
DVB;AVL;GapJunction;1
DVB;AVL;Send;2
DVB;AVL;Send;3
DVB;DA8;Send;2
DVB;DA8;Send;2
DVB;DD6;Send;3
DVB;DVC;Send;3
DVB;MUS;MUS;1
DVB;MUS;MUS;4
DVB;PDA;Send;1
DVB;PHCL;Send;1
DVB;PVPL;Send;1
DVB;PVPL;Send;1
DVB;VA9;GapJunction;1
DVB;VB9;GapJunction;1
DVC;AIBL;GapJunction;1
DVC;AIBL;Send;1
DVC;AIBR;GapJunction;2
DVC;AIBR;Send;3
DVC;AVAL;Send;5
DVC;AVAR;Send;7
DVC;AVBL;Send;1
DVC;AVKL;Send;2
DVC;AVKR;Send;1
DVC;AVL;GapJunction;9
DVC;PVPL;GapJunction;2
DVC;PVPR;GapJunction;13
DVC;PVT;Send;1
DVC;RIBL;Send;1
DVC;RIBR;Send;1
DVC;RIGL;Send;1
DVC;RIGL;Send;4
DVC;RIGR;Send;5
DVC;RMFL;Send;2
DVC;RMFR;Send;4
DVC;VA9;GapJunction;1
DVC;VD1;GapJunction;5
DVC;VD10;GapJunction;4
FLPL;ADEL;Send;2
FLPL;ADER;Send;2
FLPL;AIBL;Send;1
FLPL;AIBL;Send;1
FLPL;AIBR;Send;2
FLPL;AVAL;GapJunction;1
FLPL;AVAL;Send;4
FLPL;AVAL;Send;10
FLPL;AVAR;Send;17
FLPL;AVBL;Send;1
FLPL;AVBL;Send;3
FLPL;AVBR;Send;1
FLPL;AVBR;Send;4
FLPL;AVDL;GapJunction;1
FLPL;AVDL;Send;6
FLPL;AVDR;Send;13
FLPL;DVA;Send;1
FLPL;FLPR;Send;1
FLPL;FLPR;GapJunction;2
FLPL;RIH;GapJunction;1
FLPR;ADER;Send;1
FLPR;ADER;Send;1
FLPR;AIBR;Send;1
FLPR;AVAL;Send;2
FLPR;AVAL;Send;10
FLPR;AVAR;Send;5
FLPR;AVBL;Send;5
FLPR;AVBR;Send;1
FLPR;AVDL;GapJunction;1
FLPR;AVDL;Send;2
FLPR;AVDL;Send;8
FLPR;AVDR;GapJunction;1
FLPR;AVDR;Send;1
FLPR;AVEL;Send;4
FLPR;AVER;Send;2
FLPR;AVJR;Send;1
FLPR;DVA;Send;1
FLPR;FLPL;GapJunction;2
FLPR;FLPL;Send;2
FLPR;PVCL;Send;2
FLPR;VB1;Send;1
FLPR;VB1;Send;0
HSNL;AIAL;Send;1
HSNL;AIZL;Send;2
HSNL;AIZR;Send;1
HSNL;ASHL;Send;1
HSNL;ASHR;Send;2
HSNL;ASJR;Send;1
HSNL;ASKL;Send;1
HSNL;AVDR;Send;2
HSNL;AVFL;Send;1
HSNL;AVFL;Send;5
HSNL;AVJL;Send;1
HSNL;AVJL;Send;1
HSNL;AWBL;Send;1
HSNL;AWBL;Send;1
HSNL;AWBR;Send;2
HSNL;HSNR;GapJunction;1
HSNL;HSNR;Send;3
HSNL;MUS;MUS;7
HSNL;RIFL;Send;3
HSNL;RIML;Send;2
HSNL;SABVL;Send;2
HSNL;VC5;Send;3
HSNR;AIBL;Send;1
HSNR;AIBR;Send;1
HSNR;AIZL;Send;1
HSNR;AIZR;Send;1
HSNR;AS5;Send;1
HSNR;ASHL;Send;2
HSNR;AVDR;Send;1
HSNR;AVFL;Send;1
HSNR;AVFL;Send;1
HSNR;AVJL;Send;1
HSNR;AVL;Send;1
HSNR;AWBL;Send;1
HSNR;BDUR;Send;1
HSNR;DA5;Send;1
HSNR;DA6;Send;1
HSNR;HSNL;GapJunction;1
HSNR;HSNL;Send;1
HSNR;MUS;MUS;5
HSNR;MUS;MUS;1
HSNR;PVNR;Send;1
HSNR;PVNR;Send;1
HSNR;PVNR;GapJunction;1
HSNR;PVQR;Send;1
HSNR;RIFR;Send;1
HSNR;RIFR;Send;3
HSNR;RMGR;Send;1
HSNR;SABD;Send;1
HSNR;SABVR;Send;1
HSNR;VA6;Send;1
HSNR;VC2;Send;1
HSNR;VC2;Send;2
HSNR;VC3;Send;1
HSNR;VD4;Send;2
IL1DL;IL1DR;GapJunction;1
IL1DL;IL1L;GapJunction;1
IL1DL;MUS;MUS;1
IL1DL;MUS;MUS;4
IL1DL;OLLL;GapJunction;1
IL1DL;PVR;Send;1
IL1DL;RIH;Send;1
IL1DL;RIPL;Send;2
IL1DL;RMDDR;Send;1
IL1DL;RMDVL;Send;4
IL1DL;RMEV;GapJunction;1
IL1DL;URYDL;Send;1
IL1DR;IL1DL;GapJunction;1
IL1DR;IL1R;GapJunction;1
IL1DR;MUS;MUS;1
IL1DR;MUS;MUS;6
IL1DR;OLLR;GapJunction;1
IL1DR;RIPR;Send;5
IL1DR;RMDVR;Send;5
IL1DR;RMEV;GapJunction;1
IL1L;AVER;Send;2
IL1L;IL1DL;GapJunction;1
IL1L;IL1DL;Send;1
IL1L;IL1VL;GapJunction;1
IL1L;MUS;MUS;1
IL1L;MUS;MUS;12
IL1L;RMDDL;Send;5
IL1L;RMDL;Send;1
IL1L;RMDR;Send;3
IL1L;RMDVL;Send;4
IL1L;RMDVR;Send;2
IL1L;RMER;Send;1
IL1R;AVEL;Send;1
IL1R;AVER;Send;1
IL1R;IL1DR;GapJunction;1
IL1R;IL1DR;Send;1
IL1R;IL1VR;GapJunction;1
IL1R;MUS;MUS;1
IL1R;MUS;MUS;12
IL1R;RMDDL;Send;3
IL1R;RMDDR;Send;2
IL1R;RMDL;Send;1
IL1R;RMDL;Send;3
IL1R;RMDR;Send;2
IL1R;RMDVL;Send;1
IL1R;RMDVR;Send;4
IL1R;RMEL;Send;2
IL1R;RMHL;Send;1
IL1R;URXR;Send;2
IL1VL;IL1L;GapJunction;1
IL1VL;IL1L;Send;1
IL1VL;IL1VR;GapJunction;1
IL1VL;MUS;MUS;3
IL1VL;MUS;MUS;6
IL1VL;RIPL;Send;4
IL1VL;RMDDL;Send;5
IL1VL;RMED;GapJunction;1
IL1VL;URYVL;Send;1
IL1VR;IL1R;GapJunction;1
IL1VR;IL1R;Send;1
IL1VR;IL1VL;GapJunction;1
IL1VR;IL2R;GapJunction;1
IL1VR;IL2VR;Send;1
IL1VR;MUS;MUS;1
IL1VR;MUS;MUS;9
IL1VR;RIPR;Send;1
IL1VR;RIPR;Send;5
IL1VR;RMDDR;Send;10
IL1VR;RMER;Send;1
IL2DL;AUAL;Send;1
IL2DL;IL1DL;Send;7
IL2DL;OLQDL;Send;2
IL2DL;RIBL;Send;1
IL2DL;RIPL;Send;10
IL2DL;RMEL;Send;4
IL2DL;RMER;Send;3
IL2DL;URADL;Send;1
IL2DL;URADL;Send;2
IL2DR;CEPDR;Send;1
IL2DR;IL1DR;Send;7
IL2DR;RICR;Send;1
IL2DR;RIPR;Send;11
IL2DR;RMED;Send;1
IL2DR;RMEL;Send;2
IL2DR;RMER;Send;2
IL2DR;RMEV;Send;1
IL2DR;URADR;Send;3
IL2L;ADEL;Send;2
IL2L;AVEL;Send;1
IL2L;IL1L;Send;1
IL2L;OLQDL;Send;2
IL2L;OLQDL;Send;3
IL2L;OLQVL;Send;2
IL2L;OLQVL;Send;6
IL2L;RICL;Send;1
IL2L;RIH;Send;7
IL2L;RMDL;Send;1
IL2L;RMDL;Send;2
IL2L;RMDR;Send;1
IL2L;RMER;Send;2
IL2L;RMEV;Send;2
IL2L;RMGL;GapJunction;1
IL2L;URXL;Send;2
IL2R;ADER;Send;1
IL2R;ADER;Send;1
IL2R;IL1R;Send;1
IL2R;IL1VR;GapJunction;1
IL2R;OLLR;Send;1
IL2R;OLLR;Send;1
IL2R;OLQDR;Send;2
IL2R;OLQVR;Send;2
IL2R;OLQVR;Send;5
IL2R;RIH;Send;6
IL2R;RMDL;Send;1
IL2R;RMDL;Send;1
IL2R;RMEL;Send;2
IL2R;RMEV;Send;1
IL2R;RMGR;GapJunction;1
IL2R;URBR;Send;1
IL2R;URXR;GapJunction;1
IL2VL;BAGR;Send;1
IL2VL;IL1VL;Send;7
IL2VL;IL2L;Send;1
IL2VL;OLQVL;Send;1
IL2VL;RIAL;Send;1
IL2VL;RIH;Send;2
IL2VL;RIPL;Send;11
IL2VL;RMEL;Send;1
IL2VL;RMEL;Send;1
IL2VL;RMER;Send;4
IL2VL;RMEV;Send;1
IL2VL;URAVL;Send;3
IL2VR;IL1VR;Send;6
IL2VR;OLQVR;Send;1
IL2VR;OLQVR;Send;1
IL2VR;RIAR;Send;2
IL2VR;RIH;Send;1
IL2VR;RIH;Send;2
IL2VR;RIPR;Send;1
IL2VR;RIPR;Send;14
IL2VR;RMEL;Send;3
IL2VR;RMER;Send;2
IL2VR;RMEV;Send;3
IL2VR;URAVR;Send;4
IL2VR;URXR;Send;1
LUAL;AVAL;GapJunction;1
LUAL;AVAL;Send;5
LUAL;AVAR;Send;1
LUAL;AVAR;Send;5
LUAL;AVDL;Send;4
LUAL;AVDR;Send;2
LUAL;AVJL;Send;1
LUAL;PHBL;Send;1
LUAL;PLML;GapJunction;1
LUAL;PVNL;Send;1
LUAL;PVR;GapJunction;1
LUAL;PVWL;Send;1
LUAR;AVAL;Send;3
LUAR;AVAR;Send;7
LUAR;AVDL;Send;1
LUAR;AVDR;Send;3
LUAR;AVJR;Send;1
LUAR;PLMR;GapJunction;1
LUAR;PQR;Send;1
LUAR;PVCR;Send;3
LUAR;PVR;Send;1
LUAR;PVR;GapJunction;1
LUAR;PVWL;Send;1
OLLL;AVER;Send;3
OLLL;AVER;Send;18
OLLL;CEPDL;Send;3
OLLL;CEPVL;Send;4
OLLL;IL1DL;GapJunction;1
OLLL;IL1VL;Send;2
OLLL;OLLR;GapJunction;2
OLLL;RIBL;Send;8
OLLL;RIGL;GapJunction;1
OLLL;RMDDL;Send;7
OLLL;RMDL;Send;2
OLLL;RMDVL;Send;1
OLLL;RMEL;Send;2
OLLL;SMDDL;Send;2
OLLL;SMDDL;Send;1
OLLL;SMDDR;Send;3
OLLL;SMDDR;Send;1
OLLL;SMDVR;Send;4
OLLL;URYDL;Send;1
OLLR;AVEL;Send;1
OLLR;AVEL;Send;15
OLLR;CEPDR;Send;1
OLLR;CEPDR;Send;1
OLLR;CEPVR;Send;6
OLLR;IL1DR;GapJunction;1
OLLR;IL1DR;Send;2
OLLR;IL1VR;Send;1
OLLR;IL2R;Send;1
OLLR;OLLL;GapJunction;2
OLLR;RIBR;Send;2
OLLR;RIBR;Send;8
OLLR;RIGR;GapJunction;1
OLLR;RMDDR;Send;10
OLLR;RMDL;Send;3
OLLR;RMDVR;Send;3
OLLR;RMER;Send;2
OLLR;SMDDR;Send;1
OLLR;SMDVL;Send;4
OLLR;SMDVR;Send;3
OLQDL;CEPDL;GapJunction;1
OLQDL;RIBL;GapJunction;2
OLQDL;RICR;Send;1
OLQDL;RIGL;GapJunction;1
OLQDL;RMDDR;Send;1
OLQDL;RMDDR;Send;3
OLQDL;RMDVL;GapJunction;1
OLQDL;SIBVL;Send;3
OLQDL;URBL;GapJunction;1
OLQDR;CEPDR;GapJunction;2
OLQDR;RIBR;GapJunction;2
OLQDR;RICL;Send;1
OLQDR;RICR;Send;1
OLQDR;RIGR;GapJunction;1
OLQDR;RIH;GapJunction;1
OLQDR;RMDDL;Send;1
OLQDR;RMDDL;Send;2
OLQDR;RMDVR;GapJunction;1
OLQDR;RMHR;Send;1
OLQDR;SIBVR;Send;2
OLQDR;URBR;GapJunction;1
OLQVL;ADLL;GapJunction;1
OLQVL;CEPVL;GapJunction;1
OLQVL;IL1VL;Send;1
OLQVL;IL1VL;Send;1
OLQVL;IL2VL;Send;1
OLQVL;RIBL;GapJunction;1
OLQVL;RICL;Send;1
OLQVL;RIGL;GapJunction;1
OLQVL;RIH;Send;1
OLQVL;RIPL;Send;1
OLQVL;RMDDL;GapJunction;1
OLQVL;RMDVR;Send;1
OLQVL;RMDVR;Send;3
OLQVL;SIBDL;Send;3
OLQVL;URBL;GapJunction;1
OLQVR;CEPVR;GapJunction;1
OLQVR;IL1VR;Send;1
OLQVR;RIBR;GapJunction;1
OLQVR;RICR;Send;1
OLQVR;RIGR;GapJunction;1
OLQVR;RIH;Send;2
OLQVR;RIPR;Send;2
OLQVR;RMDDR;GapJunction;1
OLQVR;RMDVL;Send;4
OLQVR;RMER;Send;1
OLQVR;SIBDR;Send;4
OLQVR;URBR;GapJunction;1
PDA;AS11;Send;1
PDA;DA9;GapJunction;1
PDA;DA9;Send;1
PDA;DD6;Send;1
PDA;MUS;MUS;2
PDA;PVNR;Send;1
PDA;VD13;Send;3
PDB;AS11;GapJunction;2
PDB;MUS;MUS;2
PDB;RID;GapJunction;2
PDB;VD13;Send;2
PDB;VD13;Send;2
PDEL;AVKL;Send;1
PDEL;AVKL;Send;5
PDEL;DVA;Send;16
PDEL;DVA;Send;8
PDEL;PDER;Send;1
PDEL;PDER;GapJunction;3
PDEL;PVCR;GapJunction;1
PDEL;PVM;Send;2
PDEL;PVM;GapJunction;1
PDEL;PVR;Send;2
PDEL;VA9;Send;1
PDEL;VD11;Send;1
PDER;AVKL;Send;16
PDER;DVA;Send;19
PDER;DVA;Send;16
PDER;PDEL;GapJunction;3
PDER;PVCL;Send;1
PDER;PVCR;Send;1
PDER;PVM;GapJunction;1
PDER;VA8;GapJunction;1
PDER;VD9;GapJunction;1
PHAL;AVDR;Send;1
PHAL;AVFL;Send;3
PHAL;AVG;Send;1
PHAL;AVG;Send;4
PHAL;AVHL;Send;1
PHAL;AVHR;Send;1
PHAL;DVA;Send;2
PHAL;PHAR;Send;5
PHAL;PHAR;GapJunction;2
PHAL;PHBL;Send;5
PHAL;PHBR;Send;5
PHAL;PVQL;Send;2
PHAR;AVG;Send;1
PHAR;AVG;Send;2
PHAR;AVHR;Send;1
PHAR;DA8;Send;1
PHAR;DVA;Send;1
PHAR;DVA;Send;1
PHAR;PHAL;GapJunction;2
PHAR;PHAL;Send;1
PHAR;PHAL;Send;5
PHAR;PHBL;Send;1
PHAR;PHBR;Send;5
PHAR;PVPL;GapJunction;3
PHAR;PVQL;Send;2
PHBL;AVAL;Send;9
PHBL;AVAR;Send;6
PHBL;AVDL;Send;1
PHBL;PHBR;Send;1
PHBL;PHBR;GapJunction;3
PHBL;PVCL;Send;13
PHBL;VA12;Send;1
PHBR;AVAL;Send;7
PHBR;AVAR;Send;7
PHBR;AVDL;Send;1
PHBR;AVDR;Send;1
PHBR;AVFL;Send;1
PHBR;AVHL;GapJunction;1
PHBR;DA8;Send;1
PHBR;PHBL;GapJunction;3
PHBR;PHBL;Send;1
PHBR;PVCL;Send;6
PHBR;PVCR;Send;3
PHBR;VA12;Send;2
PHCL;AVAL;Send;1
PHCL;DA9;GapJunction;1
PHCL;DA9;Send;7
PHCL;DVA;Send;4
PHCL;DVA;Send;2
PHCL;LUAL;Send;1
PHCL;PHCR;GapJunction;1
PHCL;PLML;GapJunction;1
PHCL;PVCL;Send;2
PHCL;VA12;Send;2
PHCL;VA12;GapJunction;1
PHCR;AVHR;Send;1
PHCR;DA9;Send;2
PHCR;DVA;Send;3
PHCR;DVA;Send;5
PHCR;LUAR;Send;1
PHCR;PHCL;GapJunction;1
PHCR;PHCL;Send;1
PHCR;PVCR;Send;8
PHCR;PVCR;GapJunction;1
PHCR;VA12;Send;1
PHCR;VA12;GapJunction;1
PLML;HSNL;Send;1
PLML;LUAL;GapJunction;1
PLML;PHCL;GapJunction;1
PLML;PVCL;GapJunction;1
PLMR;AS6;Send;1
PLMR;AVAL;Send;1
PLMR;AVAL;Send;3
PLMR;AVAR;Send;1
PLMR;AVDL;Send;1
PLMR;AVDR;Send;4
PLMR;DVA;Send;5
PLMR;HSNR;Send;1
PLMR;LUAR;GapJunction;1
PLMR;PDEL;Send;2
PLMR;PDER;Send;3
PLMR;PVCL;Send;2
PLMR;PVCR;GapJunction;1
PLMR;PVR;GapJunction;2
PLNL;MUS;MUS;1
PLNL;SAADL;Send;5
PLNL;SMBVL;Send;1
PLNL;SMBVL;Send;5
PLNR;SAADR;Send;4
PLNR;SMBVR;Send;2
PLNR;SMBVR;Send;4
PQR;AVAL;Send;3
PQR;AVAL;Send;5
PQR;AVAR;Send;2
PQR;AVAR;Send;9
PQR;AVDL;Send;7
PQR;AVDR;Send;6
PQR;AVG;Send;1
PQR;LUAR;Send;1
PQR;PVNL;Send;1
PQR;PVPL;GapJunction;4
PVCL;AS1;Send;1
PVCL;AVAL;GapJunction;2
PVCL;AVAL;Send;1
PVCL;AVAL;Send;1
PVCL;AVAR;Send;4
PVCL;AVBL;Send;5
PVCL;AVBR;Send;1
PVCL;AVBR;Send;11
PVCL;AVDL;Send;5
PVCL;AVDR;Send;2
PVCL;AVEL;Send;2
PVCL;AVER;Send;1
PVCL;AVJL;GapJunction;1
PVCL;AVJL;Send;1
PVCL;AVJL;Send;2
PVCL;AVJR;GapJunction;1
PVCL;AVJR;Send;1
PVCL;DA2;Send;1
PVCL;DA5;Send;1
PVCL;DA6;Send;1
PVCL;DB2;Send;3
PVCL;DB3;Send;4
PVCL;DB4;Send;3
PVCL;DB5;Send;2
PVCL;DB6;Send;2
PVCL;DB7;Send;1
PVCL;DB7;Send;2
PVCL;DVA;GapJunction;1
PVCL;DVA;Send;4
PVCL;PLML;GapJunction;1
PVCL;PVCR;Send;2
PVCL;PVCR;GapJunction;5
PVCL;RID;Send;1
PVCL;RID;Send;4
PVCL;RIS;Send;2
PVCL;SIBVL;Send;2
PVCL;VB3;Send;1
PVCL;VB4;Send;1
PVCL;VB5;Send;1
PVCL;VB6;Send;2
PVCL;VB8;Send;1
PVCL;VB9;GapJunction;2
PVCL;VB10;Send;2
PVCL;VB10;GapJunction;1
PVCL;VB11;Send;1
PVCR;AQR;Send;1
PVCR;AS2;Send;1
PVCR;AVAL;GapJunction;5
PVCR;AVAL;Send;2
PVCR;AVAL;Send;5
PVCR;AVAR;GapJunction;3
PVCR;AVAR;Send;7
PVCR;AVBL;Send;2
PVCR;AVBL;Send;6
PVCR;AVBR;Send;6
PVCR;AVDL;Send;5
PVCR;AVDR;Send;1
PVCR;AVEL;Send;1
PVCR;AVER;Send;1
PVCR;AVJL;GapJunction;3
PVCR;AVL;Send;1
PVCR;DA9;Send;1
PVCR;DB2;Send;1
PVCR;DB3;Send;3
PVCR;DB4;Send;4
PVCR;DB5;Send;1
PVCR;DB6;Send;2
PVCR;DB7;Send;1
PVCR;FLPL;Send;1
PVCR;LUAR;Send;1
PVCR;PDEL;GapJunction;1
PVCR;PDEL;Send;1
PVCR;PHCR;GapJunction;1
PVCR;PLMR;GapJunction;1
PVCR;PVCL;GapJunction;5
PVCR;PVCL;Send;1
PVCR;PVCL;Send;2
PVCR;PVDL;Send;1
PVCR;PVR;Send;1
PVCR;PVWL;GapJunction;2
PVCR;PVWR;Send;1
PVCR;PVWR;GapJunction;1
PVCR;RID;Send;2
PVCR;RID;Send;3
PVCR;SIBVR;Send;2
PVCR;VA8;GapJunction;2
PVCR;VA9;GapJunction;1
PVCR;VB4;Send;3
PVCR;VB6;Send;2
PVCR;VB7;Send;3
PVCR;VB8;Send;1
PVCR;VB10;Send;1
PVDL;AVAL;Send;6
PVDL;AVAR;Send;6
PVDL;DD5;Send;1
PVDL;PVCL;Send;1
PVDL;PVCR;Send;6
PVDL;VD10;Send;1
PVDR;AVAL;Send;6
PVDR;AVAR;Send;9
PVDR;DVA;Send;2
PVDR;DVA;Send;1
PVDR;PVCL;Send;2
PVDR;PVCL;Send;11
PVDR;PVCR;Send;10
PVDR;PVDL;Send;1
PVDR;VA9;Send;1
PVM;AVKL;Send;7
PVM;AVKL;Send;4
PVM;AVL;GapJunction;1
PVM;AVM;Send;1
PVM;DVA;Send;2
PVM;DVA;Send;1
PVM;PDEL;GapJunction;1
PVM;PDEL;Send;1
PVM;PDEL;Send;6
PVM;PDER;GapJunction;1
PVM;PDER;Send;2
PVM;PDER;Send;6
PVM;PVCL;Send;2
PVM;PVR;Send;1
PVNL;AVAL;Send;2
PVNL;AVBR;GapJunction;2
PVNL;AVBR;Send;1
PVNL;AVDL;Send;3
PVNL;AVDR;Send;3
PVNL;AVEL;Send;1
PVNL;AVFR;Send;1
PVNL;AVG;Send;1
PVNL;AVJL;Send;5
PVNL;AVJR;Send;2
PVNL;AVJR;Send;3
PVNL;AVL;Send;2
PVNL;BDUL;Send;1
PVNL;BDUL;Send;1
PVNL;BDUR;Send;2
PVNL;DD1;Send;2
PVNL;MUS;MUS;1
PVNL;MUS;MUS;2
PVNL;PQR;Send;1
PVNL;PVCL;Send;1
PVNL;PVNR;Send;5
PVNL;PVQR;GapJunction;1
PVNL;PVT;Send;1
PVNL;PVWL;Send;1
PVNL;RIFL;Send;1
PVNR;AVAL;Send;2
PVNR;AVAL;Send;2
PVNR;AVBL;Send;1
PVNR;AVBR;Send;2
PVNR;AVDR;Send;1
PVNR;AVEL;Send;2
PVNR;AVEL;Send;1
PVNR;AVJL;Send;4
PVNR;AVJR;Send;1
PVNR;AVL;Send;2
PVNR;BDUL;Send;1
PVNR;BDUR;Send;2
PVNR;BDUR;Send;2
PVNR;DD3;Send;1
PVNR;HSNR;GapJunction;1
PVNR;HSNR;Send;1
PVNR;MUS;MUS;2
PVNR;MUS;MUS;1
PVNR;PQR;Send;2
PVNR;PVCL;Send;1
PVNR;PVNL;Send;1
PVNR;PVT;Send;2
PVNR;PVWL;Send;2
PVNR;VC2;Send;1
PVNR;VC2;Send;1
PVNR;VC3;Send;1
PVNR;VD6;Send;1
PVNR;VD7;Send;1
PVNR;VD12;Send;1
PVPL;ADAL;Send;1
PVPL;AQR;GapJunction;7
PVPL;AQR;Send;1
PVPL;AVAL;GapJunction;1
PVPL;AVAL;Send;1
PVPL;AVAL;Send;1
PVPL;AVAR;Send;1
PVPL;AVAR;Send;1
PVPL;AVBL;Send;2
PVPL;AVBL;Send;3
PVPL;AVBR;Send;6
PVPL;AVDR;Send;2
PVPL;AVER;Send;1
PVPL;AVHR;Send;1
PVPL;AVKL;GapJunction;1
PVPL;AVKR;GapJunction;6
PVPL;DVC;GapJunction;2
PVPL;PHAR;GapJunction;3
PVPL;PQR;GapJunction;4
PVPL;PVCR;Send;1
PVPL;PVCR;Send;2
PVPL;PVPR;GapJunction;1
PVPL;PVT;GapJunction;1
PVPL;RIGL;Send;2
PVPL;VD3;GapJunction;1
PVPL;VD13;GapJunction;2
PVPR;ADFR;Send;1
PVPR;AQR;GapJunction;9
PVPR;AQR;Send;2
PVPR;ASHR;Send;1
PVPR;AVAL;Send;1
PVPR;AVAR;Send;2
PVPR;AVBL;Send;4
PVPR;AVBR;Send;5
PVPR;AVHL;Send;3
PVPR;AVKL;GapJunction;1
PVPR;AVL;Send;1
PVPR;AVL;Send;3
PVPR;DD2;Send;1
PVPR;DVC;GapJunction;13
PVPR;DVC;Send;1
PVPR;DVC;Send;1
PVPR;PVCL;Send;4
PVPR;PVCR;Send;1
PVPR;PVCR;Send;6
PVPR;PVPL;GapJunction;1
PVPR;PVQR;Send;1
PVPR;RIAR;Send;2
PVPR;RIGR;Send;1
PVPR;RIMR;Send;1
PVPR;RMGR;Send;1
PVPR;VD4;GapJunction;1
PVPR;VD5;GapJunction;1
PVQL;ADAL;GapJunction;1
PVQL;AIAL;Send;3
PVQL;AIAL;Send;3
PVQL;ASJL;Send;1
PVQL;ASKL;GapJunction;5
PVQL;ASKL;Send;4
PVQL;HSNL;Send;2
PVQL;PVQR;GapJunction;2
PVQL;RMGL;Send;1
PVQR;ADAR;GapJunction;1
PVQR;AIAR;Send;3
PVQR;AIAR;Send;4
PVQR;ASER;Send;1
PVQR;ASKR;GapJunction;4
PVQR;ASKR;Send;4
PVQR;AVBL;Send;1
PVQR;AVFL;GapJunction;1
PVQR;AVFR;Send;1
PVQR;AVL;Send;1
PVQR;AWAR;Send;2
PVQR;DD1;Send;1
PVQR;DVC;Send;1
PVQR;HSNR;Send;1
PVQR;PVNL;GapJunction;1
PVQR;PVQL;GapJunction;2
PVQR;PVT;Send;1
PVQR;RIFR;Send;1
PVQR;VD1;Send;1
PVR;ADAL;Send;1
PVR;ALML;GapJunction;1
PVR;AS6;Send;1
PVR;AVBL;Send;4
PVR;AVBR;Send;4
PVR;AVJL;Send;1
PVR;AVJL;Send;2
PVR;AVJR;Send;2
PVR;AVKL;Send;1
PVR;DA9;Send;1
PVR;DB2;Send;1
PVR;DB3;Send;1
PVR;DVA;GapJunction;2
PVR;DVA;Send;1
PVR;IL1DL;Send;1
PVR;IL1DR;Send;1
PVR;IL1VL;Send;1
PVR;IL1VR;Send;1
PVR;LUAL;GapJunction;1
PVR;LUAR;GapJunction;1
PVR;PDEL;Send;1
PVR;PDER;Send;1
PVR;PLMR;GapJunction;2
PVR;PVCR;Send;1
PVR;RIPL;Send;3
PVR;RIPR;Send;3
PVR;SABD;Send;1
PVR;URADL;Send;1
PVT;AIBL;GapJunction;1
PVT;AIBL;Send;2
PVT;AIBR;GapJunction;1
PVT;AIBR;Send;4
PVT;AVKL;GapJunction;2
PVT;AVKL;Send;2
PVT;AVKL;Send;5
PVT;AVKR;Send;7
PVT;AVL;Send;2
PVT;DVC;Send;2
PVT;PVPL;GapJunction;1
PVT;RIBL;GapJunction;1
PVT;RIBR;GapJunction;1
PVT;RIGL;Send;2
PVT;RIGR;Send;3
PVT;RIH;Send;1
PVT;RMEV;Send;1
PVT;RMFL;Send;2
PVT;RMFR;Send;1
PVT;RMFR;Send;2
PVT;SMBDR;Send;1
PVWL;AVJL;Send;1
PVWL;PVCR;GapJunction;2
PVWL;PVT;Send;2
PVWL;PVWR;Send;1
PVWL;VA12;Send;1
PVWR;AVAR;Send;1
PVWR;AVDR;Send;1
PVWR;PVCR;GapJunction;1
PVWR;PVCR;Send;1
PVWR;PVT;Send;1
PVWR;VA12;Send;1
RIAL;CEPVL;Send;1
RIAL;RIAR;Send;1
RIAL;RIVL;Send;2
RIAL;RIVR;Send;1
RIAL;RIVR;Send;3
RIAL;RMDDL;Send;2
RIAL;RMDDL;Send;10
RIAL;RMDDR;Send;7
RIAL;RMDL;Send;4
RIAL;RMDL;Send;2
RIAL;RMDR;Send;4
RIAL;RMDR;Send;2
RIAL;RMDVL;Send;1
RIAL;RMDVL;Send;8
RIAL;RMDVR;Send;2
RIAL;RMDVR;Send;9
RIAL;SIADL;Send;2
RIAL;SMDDL;Send;3
RIAL;SMDDL;Send;5
RIAL;SMDDR;Send;3
RIAL;SMDDR;Send;7
RIAL;SMDVL;Send;1
RIAL;SMDVL;Send;5
RIAL;SMDVR;Send;1
RIAL;SMDVR;Send;10
RIAR;CEPVR;Send;1
RIAR;IL1R;Send;1
RIAR;RIAL;Send;4
RIAR;RIVL;Send;1
RIAR;RMDDL;Send;1
RIAR;RMDDL;Send;9
RIAR;RMDDR;Send;1
RIAR;RMDDR;Send;10
RIAR;RMDL;Send;2
RIAR;RMDL;Send;1
RIAR;RMDR;Send;1
RIAR;RMDR;Send;7
RIAR;RMDVL;Send;12
RIAR;RMDVR;Send;1
RIAR;RMDVR;Send;9
RIAR;SAADR;Send;1
RIAR;SIADL;Send;1
RIAR;SIADR;Send;1
RIAR;SIAVL;Send;1
RIAR;SMDDL;Send;2
RIAR;SMDDL;Send;5
RIAR;SMDDR;Send;1
RIAR;SMDDR;Send;6
RIAR;SMDVL;Send;2
RIAR;SMDVL;Send;11
RIAR;SMDVR;Send;1
RIAR;SMDVR;Send;6
RIBL;AIBR;Send;2
RIBL;AUAL;Send;1
RIBL;AVAL;Send;1
RIBL;AVAL;Send;1
RIBL;AVBL;GapJunction;1
RIBL;AVBR;GapJunction;1
RIBL;AVBR;Send;1
RIBL;AVDR;Send;1
RIBL;AVEL;Send;1
RIBL;AVEL;Send;1
RIBL;AVER;Send;3
RIBL;AVER;Send;2
RIBL;BAGR;Send;1
RIBL;OLQDL;GapJunction;2
RIBL;OLQVL;GapJunction;1
RIBL;PVT;GapJunction;1
RIBL;RIAL;Send;1
RIBL;RIAL;Send;2
RIBL;RIBL;GapJunction;1
RIBL;RIBR;GapJunction;3
RIBL;RIGL;GapJunction;1
RIBL;SIADL;GapJunction;1
RIBL;SIAVL;GapJunction;1
RIBL;SIBDL;GapJunction;1
RIBL;SIBVL;GapJunction;1
RIBL;SIBVR;GapJunction;1
RIBL;SMBDL;GapJunction;1
RIBL;SMDDL;GapJunction;1
RIBL;SMDVR;Send;2
RIBL;SMDVR;GapJunction;2
RIBR;AIBL;Send;1
RIBR;AIBL;Send;1
RIBR;AIZR;Send;1
RIBR;AVAR;Send;2
RIBR;AVBL;GapJunction;1
RIBR;AVBR;GapJunction;1
RIBR;AVEL;Send;2
RIBR;AVEL;Send;1
RIBR;AVER;Send;1
RIBR;AVER;Send;1
RIBR;BAGL;Send;1
RIBR;BAGL;Send;1
RIBR;OLQDR;GapJunction;2
RIBR;OLQVR;GapJunction;1
RIBR;PVT;GapJunction;1
RIBR;RIAR;Send;2
RIBR;RIBL;GapJunction;3
RIBR;RIBR;GapJunction;1
RIBR;RIGR;Send;1
RIBR;RIGR;GapJunction;1
RIBR;RIH;Send;1
RIBR;SIADR;GapJunction;1
RIBR;SIAVR;GapJunction;1
RIBR;SIBDR;GapJunction;1
RIBR;SIBVR;GapJunction;1
RIBR;SMBDR;GapJunction;1
RIBR;SMDDL;Send;1
RIBR;SMDDL;GapJunction;1
RIBR;SMDDR;GapJunction;1
RIBR;SMDVL;GapJunction;2
RICL;ADAR;Send;1
RICL;ASHL;GapJunction;2
RICL;AVAL;Send;5
RICL;AVAR;Send;6
RICL;AVKL;GapJunction;1
RICL;AVKR;GapJunction;1
RICL;AVKR;Send;1
RICL;AWBR;GapJunction;1
RICL;RIML;Send;1
RICL;RIMR;Send;1
RICL;RIMR;Send;2
RICL;RIVR;Send;1
RICL;RMFR;Send;1
RICL;SMBDL;Send;2
RICL;SMDDL;Send;3
RICL;SMDDR;Send;3
RICL;SMDVR;Send;1
RICR;ADAR;Send;1
RICR;ASHR;GapJunction;2
RICR;AVAL;Send;5
RICR;AVAR;Send;5
RICR;AVKL;GapJunction;1
RICR;SMBDR;Send;1
RICR;SMDDL;Send;4
RICR;SMDDR;Send;3
RICR;SMDVL;Send;2
RICR;SMDVR;Send;1
RID;ALA;GapJunction;1
RID;AS2;Send;1
RID;AVBL;GapJunction;1
RID;AVBR;GapJunction;2
RID;DA6;Send;1
RID;DA6;Send;2
RID;DA9;GapJunction;1
RID;DB1;GapJunction;1
RID;DD1;Send;3
RID;DD1;Send;1
RID;DD2;Send;3
RID;DD2;Send;1
RID;DD3;Send;1
RID;DD3;Send;2
RID;MUS;MUS;2
RID;MUS;MUS;1
RID;PDB;GapJunction;2
RID;VD5;Send;1
RID;VD5;Send;1
RID;VD13;Send;1
RIFL;ALML;Send;2
RIFL;AVBL;Send;10
RIFL;AVBR;Send;1
RIFL;AVG;GapJunction;1
RIFL;AVHR;Send;1
RIFL;AVJR;Send;2
RIFL;PVPL;Send;3
RIFL;RIML;Send;4
RIFL;VD1;GapJunction;1
RIFR;ASHR;Send;2
RIFR;AVBL;Send;1
RIFR;AVBR;Send;3
RIFR;AVBR;Send;14
RIFR;AVFL;Send;1
RIFR;AVG;GapJunction;1
RIFR;AVHL;Send;1
RIFR;AVJL;Send;1
RIFR;AVJR;Send;2
RIFR;HSNR;Send;1
RIFR;PVCL;Send;1
RIFR;PVCR;Send;1
RIFR;PVPR;Send;4
RIFR;RIMR;Send;4
RIFR;RIPR;Send;1
RIGL;AIBR;GapJunction;3
RIGL;AIZR;Send;1
RIGL;ALNL;Send;1
RIGL;AQR;GapJunction;2
RIGL;AVEL;Send;1
RIGL;AVEL;Send;1
RIGL;AVER;Send;1
RIGL;AVKL;GapJunction;1
RIGL;AVKR;Send;2
RIGL;BAGR;GapJunction;1
RIGL;BAGR;Send;1
RIGL;DVC;Send;1
RIGL;OLLL;GapJunction;1
RIGL;OLQDL;GapJunction;1
RIGL;OLQVL;GapJunction;1
RIGL;RIBL;GapJunction;1
RIGL;RIBL;Send;1
RIGL;RIGR;GapJunction;3
RIGL;RIR;Send;2
RIGL;RMEL;GapJunction;1
RIGL;RMFL;Send;1
RIGL;RMHR;Send;3
RIGL;URYDL;GapJunction;1
RIGL;URYVL;GapJunction;1
RIGL;VB2;GapJunction;1
RIGL;VD1;GapJunction;2
RIGR;AIBL;GapJunction;3
RIGR;ALNR;Send;1
RIGR;AQR;GapJunction;1
RIGR;AVER;Send;2
RIGR;AVKL;Send;4
RIGR;AVKR;GapJunction;1
RIGR;AVKR;Send;1
RIGR;BAGL;GapJunction;1
RIGR;OLLR;GapJunction;1
RIGR;OLQDR;GapJunction;1
RIGR;OLQVR;GapJunction;1
RIGR;RIBR;GapJunction;1
RIGR;RIBR;Send;1
RIGR;RIGL;GapJunction;3
RIGR;RIR;Send;1
RIGR;RMHL;Send;4
RIGR;URYDR;GapJunction;1
RIGR;URYVR;GapJunction;1
RIH;ADFR;Send;1
RIH;AIZL;Send;4
RIH;AIZR;Send;4
RIH;AUAR;Send;1
RIH;BAGR;Send;1
RIH;CEPDL;GapJunction;1
RIH;CEPDL;Send;1
RIH;CEPDR;GapJunction;1
RIH;CEPDR;Send;1
RIH;CEPVL;GapJunction;1
RIH;CEPVL;Send;1
RIH;CEPVR;GapJunction;1
RIH;CEPVR;Send;1
RIH;CEPVR;Send;1
RIH;FLPL;GapJunction;1
RIH;IL2L;Send;2
RIH;IL2R;Send;1
RIH;OLQDL;Send;2
RIH;OLQDL;Send;2
RIH;OLQDR;GapJunction;1
RIH;OLQDR;Send;2
RIH;OLQVL;Send;1
RIH;OLQVR;Send;6
RIH;RIAL;Send;1
RIH;RIAL;Send;10
RIH;RIAR;Send;8
RIH;RIBL;Send;5
RIH;RIBR;Send;4
RIH;RIPL;Send;4
RIH;RIPL;Send;1
RIH;RIPR;Send;3
RIH;RIPR;Send;3
RIH;RMER;Send;2
RIH;RMEV;Send;1
RIH;URYVR;Send;1
RIML;AIBR;GapJunction;1
RIML;AIYL;GapJunction;1
RIML;AVAL;Send;1
RIML;AVAR;GapJunction;2
RIML;AVBL;Send;2
RIML;AVBR;Send;3
RIML;AVEL;GapJunction;2
RIML;AVER;GapJunction;3
RIML;MUS;MUS;3
RIML;MUS;MUS;1
RIML;RIBL;Send;1
RIML;RIS;GapJunction;1
RIML;RMDL;Send;1
RIML;RMDR;Send;1
RIML;RMFR;Send;1
RIML;SAADR;Send;1
RIML;SAAVL;Send;3
RIML;SAAVR;Send;2
RIML;SMDDR;Send;1
RIML;SMDDR;Send;4
RIML;SMDVL;Send;1
RIMR;ADAR;Send;1
RIMR;AIBL;GapJunction;1
RIMR;AIBL;Send;4
RIMR;AIYR;GapJunction;1
RIMR;AVAL;GapJunction;3
RIMR;AVAL;Send;2
RIMR;AVAR;GapJunction;1
RIMR;AVBL;Send;2
RIMR;AVBR;Send;1
RIMR;AVBR;Send;4
RIMR;AVEL;GapJunction;3
RIMR;AVER;GapJunction;2
RIMR;AVJL;Send;1
RIMR;AVKL;Send;1
RIMR;MUS;MUS;3
RIMR;MUS;MUS;1
RIMR;RIBR;Send;1
RIMR;RIS;Send;1
RIMR;RIS;GapJunction;1
RIMR;RMDL;Send;2
RIMR;RMDL;Send;1
RIMR;RMDR;Send;1
RIMR;RMFL;Send;1
RIMR;RMFR;Send;1
RIMR;SAAVL;Send;1
RIMR;SAAVL;Send;2
RIMR;SAAVR;Send;3
RIMR;SMDDL;Send;2
RIMR;SMDDR;Send;4
RIPL;OLQDL;Send;1
RIPL;OLQDR;Send;1
RIPL;RMED;GapJunction;1
RIPR;OLQDL;Send;1
RIPR;OLQDR;Send;1
RIPR;RMED;GapJunction;1
RIR;AFDR;Send;1
RIR;AIZL;Send;3
RIR;AIZL;Send;3
RIR;AIZR;Send;4
RIR;AIZR;Send;1
RIR;AUAL;Send;1
RIR;AWBR;Send;1
RIR;BAGL;GapJunction;1
RIR;BAGR;GapJunction;1
RIR;BAGR;Send;1
RIR;DVA;Send;2
RIR;HSNL;Send;1
RIR;PVPL;Send;1
RIR;RIAL;Send;1
RIR;RIAL;Send;4
RIR;RIAR;Send;1
RIR;RIGL;Send;1
RIR;URXL;Send;5
RIR;URXR;Send;1
RIR;URXR;Send;1
RIS;AIBR;GapJunction;1
RIS;AVEL;Send;7
RIS;AVER;Send;7
RIS;AVJL;GapJunction;1
RIS;AVKL;Send;1
RIS;AVKR;Send;4
RIS;AVL;Send;2
RIS;CEPDR;Send;1
RIS;CEPVL;Send;2
RIS;CEPVR;Send;1
RIS;DB1;GapJunction;1
RIS;OLLR;Send;1
RIS;RIBL;Send;3
RIS;RIBR;Send;5
RIS;RIML;GapJunction;1
RIS;RIML;Send;1
RIS;RIMR;GapJunction;1
RIS;RIMR;Send;1
RIS;RIMR;Send;3
RIS;RMDDL;Send;1
RIS;RMDL;Send;2
RIS;RMDR;Send;1
RIS;RMDR;Send;3
RIS;SMDDL;GapJunction;1
RIS;SMDDR;Send;2
RIS;SMDDR;GapJunction;1
RIS;SMDVL;GapJunction;1
RIS;SMDVR;Send;1
RIS;URYVR;Send;1
RIVL;AIBL;GapJunction;1
RIVL;MUS;MUS;4
RIVL;RIAL;Send;1
RIVL;RIAR;Send;1
RIVL;RIVR;GapJunction;2
RIVL;RMDL;Send;2
RIVL;SAADR;Send;3
RIVL;SDQR;GapJunction;2
RIVL;SIAVR;Send;2
RIVL;SMDDR;Send;1
RIVL;SMDVL;GapJunction;1
RIVR;AIBR;GapJunction;1
RIVR;MUS;MUS;3
RIVR;MUS;MUS;2
RIVR;RIAL;Send;2
RIVR;RIAR;Send;1
RIVR;RIAR;Send;1
RIVR;RIVL;GapJunction;2
RIVR;RMDDL;Send;1
RIVR;RMDR;Send;1
RIVR;RMDVR;Send;1
RIVR;RMEV;Send;1
RIVR;SAADL;Send;2
RIVR;SDQR;GapJunction;2
RIVR;SIAVL;Send;2
RIVR;SMDDL;Send;2
RIVR;SMDVR;Send;2
RIVR;SMDVR;GapJunction;2
RMDDL;MUS;MUS;1
RMDDL;MUS;MUS;7
RMDDL;OLQVL;GapJunction;1
RMDDL;RMDL;GapJunction;1
RMDDL;RMDVL;GapJunction;1
RMDDL;RMDVR;Send;7
RMDDL;SMDDL;GapJunction;1
RMDDR;MUS;MUS;10
RMDDR;OLQVR;GapJunction;1
RMDDR;RMDVL;Send;1
RMDDR;RMDVL;Send;11
RMDDR;RMDVR;GapJunction;1
RMDDR;SAADR;GapJunction;1
RMDDR;SMDDR;GapJunction;1
RMDDR;URYDL;Send;1
RMDL;MUS;MUS;9
RMDL;MUS;MUS;2
RMDL;OLLR;Send;2
RMDL;RIAL;Send;4
RMDL;RIAR;Send;3
RMDL;RMDDL;GapJunction;1
RMDL;RMDDR;Send;1
RMDL;RMDR;Send;3
RMDL;RMDVL;GapJunction;1
RMDL;RMER;Send;1
RMDL;RMFL;Send;1
RMDR;AVKL;Send;1
RMDR;MUS;MUS;3
RMDR;MUS;MUS;1
RMDR;RIAL;Send;3
RMDR;RIAR;Send;3
RMDR;RIAR;Send;4
RMDR;RIMR;Send;2
RMDR;RIS;Send;1
RMDR;RMDDL;Send;1
RMDR;RMDL;Send;1
RMDR;RMDVR;GapJunction;1
RMDVL;AVER;GapJunction;1
RMDVL;MUS;MUS;3
RMDVL;MUS;MUS;6
RMDVL;OLQDL;GapJunction;1
RMDVL;RMDDL;GapJunction;1
RMDVL;RMDDR;Send;6
RMDVL;RMDL;GapJunction;1
RMDVL;RMDVR;GapJunction;1
RMDVL;SAAVL;GapJunction;1
RMDVL;SMDVL;GapJunction;1
RMDVR;AVEL;GapJunction;1
RMDVR;AVER;GapJunction;1
RMDVR;MUS;MUS;6
RMDVR;MUS;MUS;3
RMDVR;OLQDR;GapJunction;1
RMDVR;RMDDL;Send;1
RMDVR;RMDDL;Send;3
RMDVR;RMDDR;GapJunction;1
RMDVR;RMDR;GapJunction;1
RMDVR;RMDVL;GapJunction;1
RMDVR;SAAVR;GapJunction;1
RMDVR;SIBDR;Send;1
RMDVR;SIBVR;Send;1
RMDVR;SMDVR;GapJunction;1
RMED;IL1VL;GapJunction;1
RMED;MUS;MUS;10
RMED;RIBL;Send;1
RMED;RIBR;Send;1
RMED;RIPL;GapJunction;1
RMED;RIPR;GapJunction;1
RMED;RMEV;GapJunction;2
RMEL;MUS;MUS;12
RMEL;RIGL;GapJunction;1
RMEL;RMEV;GapJunction;1
RMER;MUS;MUS;15
RMER;RMEV;GapJunction;1
RMEV;AVEL;GapJunction;1
RMEV;AVER;GapJunction;1
RMEV;IL1DL;GapJunction;1
RMEV;IL1DR;GapJunction;1
RMEV;MUS;MUS;5
RMEV;RMED;GapJunction;2
RMEV;RMEL;GapJunction;1
RMEV;RMER;GapJunction;1
RMEV;SMDDR;Send;1
RMFL;AVKL;Send;4
RMFL;AVKR;Send;4
RMFL;MUS;MUS;2
RMFL;MUS;MUS;1
RMFL;PVT;Send;1
RMFL;RIGR;Send;1
RMFL;RMDR;Send;3
RMFL;RMGR;Send;1
RMFL;URBR;GapJunction;1
RMFR;AVKL;Send;3
RMFR;AVKR;Send;3
RMFR;RMDL;Send;2
RMGL;ADAL;Send;1
RMGL;ADLL;GapJunction;1
RMGL;AIBR;Send;1
RMGL;ALML;Send;1
RMGL;ALNL;Send;1
RMGL;ASHL;GapJunction;1
RMGL;ASHL;Send;1
RMGL;ASKL;GapJunction;1
RMGL;AVAL;Send;1
RMGL;AVBR;Send;2
RMGL;AVEL;Send;2
RMGL;AWBL;GapJunction;1
RMGL;CEPDL;Send;1
RMGL;IL2L;GapJunction;1
RMGL;MUS;MUS;3
RMGL;MUS;MUS;1
RMGL;RID;Send;1
RMGL;RMDL;Send;1
RMGL;RMDR;Send;1
RMGL;RMDR;Send;2
RMGL;RMDVL;Send;3
RMGL;RMHL;GapJunction;3
RMGL;RMHR;Send;1
RMGL;SIAVL;Send;1
RMGL;SIBVL;Send;2
RMGL;SIBVR;Send;1
RMGL;SMBVL;Send;1
RMGL;SMBVL;Send;1
RMGL;URXL;Send;1
RMGL;URXL;GapJunction;1
RMGR;ADAR;Send;1
RMGR;AIMR;Send;1
RMGR;ALNR;Send;1
RMGR;ASHR;GapJunction;1
RMGR;ASHR;Send;1
RMGR;ASKR;GapJunction;1
RMGR;AVAR;Send;1
RMGR;AVBR;Send;1
RMGR;AVDL;Send;1
RMGR;AVER;Send;3
RMGR;AVJL;Send;1
RMGR;AWBR;GapJunction;1
RMGR;IL2R;GapJunction;1
RMGR;MUS;MUS;3
RMGR;RIR;Send;1
RMGR;RMDL;Send;4
RMGR;RMDR;Send;2
RMGR;RMDVR;Send;5
RMGR;RMHR;GapJunction;1
RMGR;URXR;Send;1
RMGR;URXR;GapJunction;1
RMHL;MUS;MUS;7
RMHL;MUS;MUS;1
RMHL;RMDR;Send;1
RMHL;RMGL;GapJunction;3
RMHL;SIBVR;GapJunction;1
RMHR;MUS;MUS;5
RMHR;MUS;MUS;2
RMHR;RMER;Send;1
RMHR;RMGL;Send;1
RMHR;RMGR;GapJunction;1
SAADL;AIBL;Send;1
SAADL;AVAL;Send;6
SAADL;RIML;Send;1
SAADL;RIML;Send;2
SAADL;RIMR;Send;1
SAADL;RIMR;Send;5
SAADL;RMGR;Send;1
SAADL;SMBDL;GapJunction;1
SAADR;AIBR;Send;1
SAADR;AVAR;Send;3
SAADR;OLLL;Send;1
SAADR;RIML;Send;1
SAADR;RIML;Send;3
SAADR;RIMR;Send;2
SAADR;RIMR;Send;3
SAADR;RMDDR;GapJunction;1
SAADR;RMFL;Send;1
SAADR;RMGL;Send;1
SAAVL;AIBL;Send;1
SAAVL;ALNL;Send;1
SAAVL;AVAL;Send;1
SAAVL;AVAL;Send;16
SAAVL;OLLR;Send;1
SAAVL;RIML;Send;2
SAAVL;RIMR;Send;12
SAAVL;RMDVL;GapJunction;1
SAAVL;RMFR;Send;2
SAAVL;SMBVR;GapJunction;3
SAAVL;SMDDR;Send;8
SAAVR;AVAR;Send;4
SAAVR;AVAR;Send;9
SAAVR;RIML;Send;5
SAAVR;RIMR;Send;2
SAAVR;RMDVR;GapJunction;1
SAAVR;SMBVL;GapJunction;2
SAAVR;SMDDL;Send;6
SABD;AVAL;GapJunction;4
SABD;VA2;Send;1
SABD;VA2;GapJunction;3
SABD;VA3;GapJunction;2
SABD;VA4;GapJunction;1
SABVL;AVAR;GapJunction;3
SABVL;DA1;GapJunction;2
SABVL;DA2;GapJunction;1
SABVR;AVAL;GapJunction;1
SABVR;AVAR;GapJunction;1
SABVR;DA1;GapJunction;3
SDQL;AIBR;Send;1
SDQL;ALML;Send;1
SDQL;AVAL;Send;1
SDQL;AVAL;Send;1
SDQL;AVAR;Send;3
SDQL;AVEL;Send;1
SDQL;FLPL;Send;1
SDQL;RICR;Send;1
SDQL;RIS;Send;2
SDQL;RIS;Send;1
SDQL;RMFL;Send;1
SDQL;SDQR;GapJunction;1
SDQR;ADLL;Send;1
SDQR;AIBL;Send;2
SDQR;AVAL;GapJunction;1
SDQR;AVAL;Send;2
SDQR;AVBL;GapJunction;1
SDQR;AVBL;Send;2
SDQR;AVBL;Send;4
SDQR;AVBR;Send;4
SDQR;DVA;Send;3
SDQR;RICR;Send;1
SDQR;RIVL;GapJunction;2
SDQR;RIVR;GapJunction;2
SDQR;RMHL;Send;2
SDQR;RMHR;Send;1
SDQR;SDQL;GapJunction;1
SDQR;SIBVL;GapJunction;1
SIADL;RIBL;GapJunction;1
SIADR;RIBR;GapJunction;1
SIAVL;RIBL;GapJunction;1
SIAVR;RIBR;GapJunction;1
SIBDL;RIBL;GapJunction;1
SIBDL;SIBVL;GapJunction;1
SIBDR;AIML;GapJunction;1
SIBDR;RIBR;GapJunction;1
SIBDR;SIBVR;GapJunction;1
SIBVL;AVBL;GapJunction;1
SIBVL;AVBR;GapJunction;1
SIBVL;RIBL;GapJunction;1
SIBVL;SDQR;GapJunction;1
SIBVL;SIBDL;GapJunction;1
SIBVR;RIBL;GapJunction;1
SIBVR;RIBR;GapJunction;1
SIBVR;RMHL;GapJunction;1
SIBVR;SIBDR;GapJunction;1
SMBDL;AVAR;Send;1
SMBDL;AVKL;GapJunction;1
SMBDL;AVKR;GapJunction;1
SMBDL;MUS;MUS;3
SMBDL;MUS;MUS;5
SMBDL;RIBL;GapJunction;1
SMBDL;RMED;Send;3
SMBDL;SAADL;GapJunction;1
SMBDL;SAAVR;Send;1
SMBDL;SAAVR;Send;1
SMBDR;ALNL;GapJunction;1
SMBDR;AVAL;Send;1
SMBDR;AVKL;GapJunction;1
SMBDR;AVKR;GapJunction;2
SMBDR;MUS;MUS;3
SMBDR;MUS;MUS;7
SMBDR;RIBR;GapJunction;1
SMBDR;RMED;Send;4
SMBDR;SAAVL;Send;3
SMBVL;MUS;MUS;3
SMBVL;MUS;MUS;3
SMBVL;PLNL;Send;1
SMBVL;RMEV;Send;1
SMBVL;RMEV;Send;4
SMBVL;SAADL;Send;3
SMBVL;SAAVR;GapJunction;2
SMBVR;AVKL;GapJunction;1
SMBVR;AVKR;GapJunction;1
SMBVR;MUS;MUS;3
SMBVR;MUS;MUS;3
SMBVR;RMEV;Send;3
SMBVR;SAADR;Send;4
SMBVR;SAAVL;GapJunction;3
SMDDL;MUS;MUS;4
SMDDL;MUS;MUS;1
SMDDL;RIAL;Send;1
SMDDL;RIAR;Send;1
SMDDL;RIAR;Send;1
SMDDL;RIBL;GapJunction;1
SMDDL;RIBR;GapJunction;1
SMDDL;RIS;GapJunction;1
SMDDL;RMDDL;GapJunction;1
SMDDL;SMDVR;Send;2
SMDDR;MUS;MUS;3
SMDDR;RIAL;Send;2
SMDDR;RIAR;Send;1
SMDDR;RIBR;GapJunction;1
SMDDR;RIS;GapJunction;1
SMDDR;RMDDR;GapJunction;1
SMDDR;VD1;GapJunction;1
SMDVL;MUS;MUS;3
SMDVL;PVR;Send;1
SMDVL;RIAL;Send;3
SMDVL;RIAR;Send;8
SMDVL;RIBR;GapJunction;2
SMDVL;RIS;GapJunction;1
SMDVL;RIVL;GapJunction;1
SMDVL;RIVL;Send;1
SMDVL;RMDDR;Send;1
SMDVL;RMDVL;GapJunction;1
SMDVL;SMDDR;Send;4
SMDVL;SMDVR;GapJunction;1
SMDVR;MUS;MUS;3
SMDVR;MUS;MUS;1
SMDVR;RIAL;Send;7
SMDVR;RIAR;Send;5
SMDVR;RIBL;GapJunction;2
SMDVR;RIVR;GapJunction;2
SMDVR;RIVR;Send;1
SMDVR;RMDDL;Send;1
SMDVR;RMDDL;Send;1
SMDVR;RMDVR;GapJunction;1
SMDVR;SMDDL;Send;2
SMDVR;SMDVL;GapJunction;1
SMDVR;VB1;GapJunction;1
URADL;IL1DL;Send;2
URADL;MUS;MUS;1
URADL;MUS;MUS;5
URADL;RIPL;Send;3
URADL;RMEL;Send;1
URADR;IL1DR;Send;1
URADR;MUS;MUS;2
URADR;MUS;MUS;5
URADR;RIPR;Send;3
URADR;RMDVR;Send;1
URADR;RMED;Send;1
URADR;RMER;Send;1
URADR;URYDR;Send;1
URAVL;MUS;MUS;6
URAVL;MUS;MUS;3
URAVL;RIPL;Send;3
URAVL;RMEL;Send;1
URAVL;RMER;Send;1
URAVL;RMEV;Send;2
URAVR;IL1R;Send;1
URAVR;MUS;MUS;1
URAVR;MUS;MUS;7
URAVR;RIPR;Send;3
URAVR;RMDVL;Send;1
URAVR;RMER;Send;2
URAVR;RMEV;Send;2
URBL;AVBL;Send;1
URBL;CEPDL;Send;1
URBL;IL1L;Send;1
URBL;OLQDL;GapJunction;1
URBL;OLQVL;GapJunction;1
URBL;RICR;Send;1
URBL;RMDDR;Send;1
URBL;SIAVL;Send;1
URBL;SMBDR;Send;1
URBL;URXL;Send;2
URBL;URXL;Send;2
URBR;ADAR;Send;1
URBR;AVBR;Send;1
URBR;CEPDR;Send;1
URBR;IL1R;Send;3
URBR;IL2R;Send;1
URBR;OLQDR;GapJunction;1
URBR;OLQVR;GapJunction;1
URBR;RICR;Send;1
URBR;RMDL;Send;1
URBR;RMDR;Send;1
URBR;RMFL;GapJunction;1
URBR;SIAVR;Send;2
URBR;SMBDL;Send;1
URBR;URXR;Send;2
URBR;URXR;Send;4
URXL;ASHL;Send;1
URXL;AUAL;Send;1
URXL;AUAL;Send;4
URXL;AVBL;Send;1
URXL;AVEL;Send;3
URXL;AVEL;Send;1
URXL;AVJR;Send;1
URXL;RIAL;Send;1
URXL;RIAL;Send;7
URXL;RICL;Send;1
URXL;RIGL;Send;2
URXL;RIGL;Send;1
URXL;RMGL;GapJunction;1
URXL;RMGL;Send;2
URXR;AUAR;Send;1
URXR;AUAR;Send;3
URXR;AVBL;Send;1
URXR;AVBR;Send;2
URXR;AVER;Send;2
URXR;IL2R;GapJunction;1
URXR;OLQVR;Send;1
URXR;RIAR;Send;3
URXR;RIGR;Send;2
URXR;RIPR;Send;3
URXR;RMDR;Send;1
URXR;RMGR;GapJunction;1
URXR;RMGR;Send;1
URXR;SIAVR;Send;1
URYDL;AVAL;GapJunction;1
URYDL;AVER;Send;2
URYDL;RIBL;Send;1
URYDL;RIGL;GapJunction;1
URYDL;RMDDR;Send;1
URYDL;RMDDR;Send;3
URYDL;RMDVL;Send;2
URYDL;RMDVL;Send;4
URYDL;SMDDL;Send;1
URYDL;SMDDR;Send;1
URYDL;SMDDR;Send;1
URYDR;AVAR;GapJunction;1
URYDR;AVEL;Send;2
URYDR;AVER;Send;2
URYDR;RIBR;Send;1
URYDR;RIGR;GapJunction;1
URYDR;RMDDL;Send;3
URYDR;RMDVR;Send;1
URYDR;RMDVR;Send;4
URYDR;SMDDL;Send;3
URYDR;SMDDL;Send;1
URYVL;AVAR;GapJunction;1
URYVL;AVBR;Send;1
URYVL;AVER;Send;5
URYVL;IL1VL;Send;1
URYVL;RIAL;Send;1
URYVL;RIBL;Send;2
URYVL;RIGL;GapJunction;1
URYVL;RIH;Send;1
URYVL;RIS;Send;1
URYVL;RMDDL;Send;4
URYVL;RMDVR;Send;2
URYVL;SIBVR;Send;1
URYVL;SMDVR;Send;1
URYVL;SMDVR;Send;3
URYVR;AVAL;GapJunction;1
URYVR;AVAL;Send;1
URYVR;AVEL;Send;6
URYVR;IL1VR;Send;1
URYVR;RIAR;Send;1
URYVR;RIBR;Send;1
URYVR;RIGR;GapJunction;1
URYVR;RMDDR;Send;6
URYVR;RMDVL;Send;1
URYVR;RMDVL;Send;3
URYVR;SIBDR;Send;1
URYVR;SIBVL;Send;1
URYVR;SMDVL;Send;3
VA1;AVAL;GapJunction;3
VA1;DA2;GapJunction;2
VA1;DD1;Send;9
VA1;MUS;MUS;11
VA1;VD1;Send;2
VA2;AVAL;GapJunction;4
VA2;AVAL;Send;1
VA2;DD1;Send;13
VA2;MUS;MUS;19
VA2;SABD;GapJunction;3
VA2;VA3;Send;2
VA2;VB1;Send;2
VA2;VD1;Send;2
VA2;VD1;GapJunction;1
VA2;VD2;Send;8
VA2;VD2;GapJunction;3
VA3;AS1;GapJunction;1
VA3;AVAL;GapJunction;1
VA3;AVAR;GapJunction;2
VA3;DD1;Send;18
VA3;DD2;Send;11
VA3;MUS;MUS;29
VA3;SABD;GapJunction;2
VA3;VA4;Send;1
VA3;VD2;Send;3
VA3;VD3;Send;3
VA4;AS2;GapJunction;2
VA4;AVAL;GapJunction;1
VA4;AVAR;GapJunction;3
VA4;AVDL;Send;1
VA4;DA5;GapJunction;1
VA4;DD2;Send;21
VA4;MUS;MUS;25
VA4;SABD;GapJunction;1
VA4;VB3;Send;2
VA4;VD4;Send;3
VA5;AS3;GapJunction;2
VA5;AVAL;GapJunction;5
VA5;AVAR;GapJunction;3
VA5;DA5;GapJunction;2
VA5;DD2;Send;5
VA5;DD3;Send;13
VA5;MUS;MUS;19
VA5;VD5;Send;2
VA6;AVAL;GapJunction;6
VA6;AVAR;GapJunction;2
VA6;DD3;Send;24
VA6;MUS;MUS;20
VA6;VB5;Send;2
VA6;VD5;Send;1
VA6;VD6;Send;2
VA7;AS5;GapJunction;1
VA7;AVAL;GapJunction;2
VA7;AVAR;GapJunction;4
VA7;DD3;Send;3
VA7;DD4;Send;12
VA7;MUS;MUS;27
VA7;VB3;GapJunction;1
VA7;VD7;Send;9
VA8;AS6;GapJunction;1
VA8;AVAL;GapJunction;10
VA8;AVAR;GapJunction;4
VA8;AVBR;GapJunction;1
VA8;DD4;Send;21
VA8;MUS;MUS;23
VA8;PDER;GapJunction;1
VA8;PVCR;GapJunction;2
VA8;VA8;GapJunction;1
VA8;VA9;Send;1
VA8;VB6;Send;1
VA8;VB8;Send;1
VA8;VB8;GapJunction;3
VA8;VB9;GapJunction;3
VA8;VD7;Send;5
VA8;VD8;Send;5
VA8;VD8;GapJunction;1
VA9;AVAL;GapJunction;1
VA9;AVBR;GapJunction;1
VA9;DD4;Send;3
VA9;DD5;Send;15
VA9;DVB;GapJunction;1
VA9;DVC;GapJunction;1
VA9;MUS;MUS;20
VA9;PVCR;GapJunction;1
VA9;PVT;Send;1
VA9;VB8;Send;6
VA9;VB8;GapJunction;1
VA9;VB9;GapJunction;4
VA9;VD7;GapJunction;1
VA9;VD9;Send;10
VA10;AVAL;GapJunction;1
VA10;AVAR;GapJunction;1
VA11;AVAL;GapJunction;1
VA11;AVAR;GapJunction;7
VA11;DD6;Send;10
VA11;MUS;MUS;18
VA11;PVNR;Send;2
VA11;VB10;Send;1
VA11;VD12;Send;4
VA12;AS11;Send;2
VA12;AVAR;GapJunction;1
VA12;DA8;Send;3
VA12;DA9;Send;5
VA12;DB7;Send;4
VA12;DD6;Send;2
VA12;LUAL;Send;2
VA12;MUS;MUS;14
VA12;PHCL;GapJunction;1
VA12;PHCR;GapJunction;1
VA12;PVCL;Send;2
VA12;PVCR;Send;3
VA12;VA11;Send;1
VA12;VB11;GapJunction;1
VA12;VD12;Send;3
VA12;VD13;Send;11
VB1;AIBR;Send;1
VB1;AVBL;GapJunction;1
VB1;AVKL;GapJunction;4
VB1;DB2;GapJunction;2
VB1;DD1;Send;1
VB1;DVA;Send;1
VB1;MUS;MUS;5
VB1;RIML;Send;2
VB1;RMFL;Send;2
VB1;SAADL;Send;7
VB1;SAADL;Send;2
VB1;SAADR;Send;2
VB1;SAADR;Send;2
VB1;SABD;Send;1
VB1;SMDVR;GapJunction;1
VB1;VA1;Send;3
VB1;VA3;Send;1
VB1;VB2;GapJunction;4
VB1;VD1;Send;3
VB1;VD2;Send;1
VB2;AVBL;GapJunction;3
VB2;AVBR;GapJunction;1
VB2;DB4;GapJunction;1
VB2;DD1;Send;20
VB2;DD2;Send;1
VB2;MUS;MUS;26
VB2;RIGL;GapJunction;1
VB2;VA2;Send;1
VB2;VB1;GapJunction;4
VB2;VB3;GapJunction;1
VB2;VB5;GapJunction;1
VB2;VB7;GapJunction;2
VB2;VC2;Send;1
VB2;VD2;Send;9
VB2;VD3;Send;3
VB3;AVBR;GapJunction;1
VB3;DB1;GapJunction;1
VB3;DD2;Send;37
VB3;MUS;MUS;35
VB3;VA4;Send;1
VB3;VA7;GapJunction;1
VB3;VB2;GapJunction;1
VB4;AVBL;GapJunction;1
VB4;AVBR;GapJunction;1
VB4;DB1;GapJunction;1
VB4;DB4;GapJunction;1
VB4;DD2;Send;6
VB4;DD3;Send;16
VB4;MUS;MUS;20
VB4;VB5;GapJunction;1
VB5;AVBL;GapJunction;1
VB5;DD3;Send;27
VB5;MUS;MUS;22
VB5;VB2;GapJunction;1
VB5;VB4;GapJunction;1
VB5;VB6;GapJunction;1
VB5;VD6;Send;7
VB6;AVBL;GapJunction;1
VB6;AVBR;GapJunction;2
VB6;DA4;GapJunction;1
VB6;DD4;Send;30
VB6;MUS;MUS;28
VB6;VA8;Send;1
VB6;VB5;GapJunction;1
VB6;VB7;Send;1
VB6;VD6;Send;1
VB6;VD7;Send;8
VB7;AVBL;GapJunction;2
VB7;AVBR;GapJunction;2
VB7;DD4;Send;2
VB7;MUS;MUS;2
VB7;VB2;GapJunction;2
VB8;AVBL;GapJunction;7
VB8;AVBR;GapJunction;3
VB8;DD5;Send;30
VB8;MUS;MUS;32
VB8;VA8;GapJunction;3
VB8;VA9;GapJunction;1
VB8;VA9;Send;9
VB8;VB9;Send;3
VB8;VB9;GapJunction;3
VB8;VD9;Send;10
VB8;VD10;Send;1
VB9;AVAL;GapJunction;5
VB9;AVAR;GapJunction;4
VB9;AVBL;GapJunction;1
VB9;AVBR;GapJunction;6
VB9;DD5;Send;8
VB9;DVB;GapJunction;1
VB9;MUS;MUS;24
VB9;PVCL;GapJunction;2
VB9;VA8;GapJunction;3
VB9;VA9;GapJunction;4
VB9;VB8;GapJunction;3
VB9;VB8;Send;1
VB9;VD10;Send;5
VB10;AVBL;GapJunction;2
VB10;AVBR;GapJunction;1
VB10;AVKL;GapJunction;1
VB10;DD6;Send;9
VB10;MUS;MUS;20
VB10;PVCL;GapJunction;1
VB10;PVT;Send;1
VB10;VD11;Send;1
VB10;VD12;Send;2
VB11;AVBL;GapJunction;2
VB11;AVBR;GapJunction;1
VB11;DD6;Send;7
VB11;MUS;MUS;14
VB11;PVCR;Send;1
VB11;VA12;GapJunction;1
VB11;VA12;Send;1
VC1;AVL;Send;2
VC1;DD1;Send;7
VC1;DD2;Send;6
VC1;DD3;Send;6
VC1;DVC;Send;1
VC1;MUS;MUS;1
VC1;MUS;MUS;5
VC1;PVT;Send;2
VC1;VC2;Send;3
VC1;VC2;GapJunction;6
VC1;VC3;Send;1
VC1;VC3;GapJunction;2
VC1;VD1;Send;4
VC1;VD1;GapJunction;1
VC1;VD2;Send;1
VC1;VD3;Send;1
VC1;VD4;Send;2
VC1;VD5;Send;5
VC1;VD6;Send;1
VC2;DB4;Send;1
VC2;DD1;Send;6
VC2;DD2;Send;4
VC2;DD3;Send;9
VC2;DVC;Send;1
VC2;MUS;MUS;9
VC2;MUS;MUS;1
VC2;PVCR;Send;1
VC2;PVQR;Send;1
VC2;PVT;Send;2
VC2;VC1;GapJunction;6
VC2;VC1;Send;4
VC2;VC3;Send;4
VC2;VC3;GapJunction;2
VC2;VD1;Send;2
VC2;VD2;Send;2
VC2;VD4;Send;5
VC2;VD5;Send;5
VC2;VD6;Send;1
VC3;AVL;Send;1
VC3;DD1;Send;2
VC3;DD2;Send;4
VC3;DD3;Send;5
VC3;DD4;GapJunction;1
VC3;DD4;Send;12
VC3;DVC;Send;1
VC3;HSNR;Send;1
VC3;MUS;MUS;3
VC3;MUS;MUS;8
VC3;PVNR;Send;1
VC3;PVPR;Send;1
VC3;PVQR;Send;4
VC3;VC1;GapJunction;2
VC3;VC1;Send;2
VC3;VC2;GapJunction;2
VC3;VC2;Send;1
VC3;VC4;GapJunction;1
VC3;VC5;GapJunction;2
VC3;VD1;Send;1
VC3;VD2;Send;1
VC3;VD3;Send;1
VC3;VD4;Send;2
VC3;VD5;Send;4
VC3;VD6;Send;4
VC3;VD7;Send;5
VC4;AVBL;Send;1
VC4;AVFR;GapJunction;1
VC4;AVHR;Send;1
VC4;MUS;MUS;4
VC4;MUS;MUS;3
VC4;VC1;Send;1
VC4;VC3;GapJunction;1
VC4;VC3;Send;4
VC4;VC5;Send;1
VC4;VC5;GapJunction;1
VC5;AVFL;Send;1
VC5;AVFR;Send;1
VC5;DVC;Send;2
VC5;HSNL;Send;1
VC5;MUS;MUS;2
VC5;OLLR;Send;1
VC5;PVT;Send;1
VC5;URBL;Send;3
VC5;VC3;GapJunction;2
VC5;VC3;Send;1
VC5;VC4;GapJunction;1
VC5;VC4;Send;1
VC6;MUS;MUS;1
VD1;DD1;GapJunction;4
VD1;DD1;Send;1
VD1;DVC;GapJunction;5
VD1;MUS;MUS;12
VD1;RIFL;GapJunction;1
VD1;RIGL;GapJunction;2
VD1;SMDDR;GapJunction;1
VD1;VA1;Send;2
VD1;VA2;GapJunction;1
VD1;VC1;GapJunction;1
VD1;VD2;GapJunction;7
VD2;AS1;GapJunction;1
VD2;DD1;GapJunction;2
VD2;DD1;Send;1
VD2;MUS;MUS;22
VD2;VA2;GapJunction;3
VD2;VA2;Send;6
VD2;VB2;Send;3
VD2;VD1;GapJunction;7
VD2;VD3;GapJunction;2
VD3;MUS;MUS;23
VD3;PVPL;GapJunction;1
VD3;VA3;Send;2
VD3;VB2;Send;2
VD3;VD2;GapJunction;2
VD3;VD4;GapJunction;1
VD4;DD2;GapJunction;2
VD4;MUS;MUS;25
VD4;PVPR;GapJunction;1
VD4;VD3;GapJunction;1
VD4;VD5;GapJunction;1
VD5;AVAR;Send;1
VD5;MUS;MUS;26
VD5;PVPR;GapJunction;1
VD5;VA5;Send;2
VD5;VB4;Send;2
VD5;VD4;GapJunction;1
VD5;VD6;GapJunction;2
VD6;AVAL;Send;1
VD6;MUS;MUS;27
VD6;VA6;Send;1
VD6;VB5;Send;2
VD6;VD5;GapJunction;2
VD6;VD7;GapJunction;1
VD7;MUS;MUS;24
VD7;VA9;GapJunction;1
VD7;VD6;GapJunction;1
VD8;DD4;GapJunction;1
VD8;DD4;Send;1
VD8;MUS;MUS;25
VD8;VA8;GapJunction;1
VD8;VA8;Send;4
VD9;MUS;MUS;28
VD9;PDER;GapJunction;1
VD9;VD10;GapJunction;5
VD10;AVBR;GapJunction;1
VD10;DD5;GapJunction;1
VD10;DD5;Send;1
VD10;DVC;GapJunction;4
VD10;MUS;MUS;22
VD10;VB9;Send;2
VD10;VD9;GapJunction;5
VD11;AVAR;Send;2
VD11;MUS;MUS;11
VD11;VA11;Send;1
VD11;VB10;Send;1
VD12;MUS;MUS;13
VD12;VA11;Send;3
VD12;VA12;Send;2
VD12;VB10;Send;1
VD12;VB11;Send;1
VD13;AVAR;Send;2
VD13;MUS;MUS;12
VD13;PVCL;Send;1
VD13;PVCR;Send;1
VD13;PVPL;GapJunction;2
VD13;VA12;Send;1
I1L;I1R;GapJunction;1
I1L;I3;Send;1
I1L;I5;GapJunction;1
I1L;RIPL;GapJunction;1
I1L;RIPR;GapJunction;1
I1R;I1L;GapJunction;1
I1R;I3;Send;1
I1R;I5;GapJunction;1
I1R;RIPL;GapJunction;1
I1R;RIPR;GapJunction;1
I2L;I1L;GapJunction;1
I2L;I1R;GapJunction;1
I2L;M1;Send;2
I2L;M1;GapJunction;1
I2R;I1L;GapJunction;1
I2R;I1R;GapJunction;1
I2R;M1;Send;2
I2R;M1;GapJunction;1
I3;M1;Send;2
I3;M2L;Send;1
I3;M2L;GapJunction;1
I3;M2R;Send;1
I3;M2R;GapJunction;1
I4;I2L;Send;5
I4;I2R;Send;5
I4;I5;Send;2
I4;M1;Send;2
I5;I1L;Send;3
I5;I1L;GapJunction;1
I5;I1R;Send;2
I5;I1R;GapJunction;1
I5;M1;Send;1
I5;M5;Send;1
I5;M5;GapJunction;1
I5;MI;Send;2
I6;I2L;Send;2
I6;I2R;Send;2
I6;I3;Send;1
I6;M4;GapJunction;1
I6;M5;GapJunction;2
I6;NSML;Send;2
I6;NSMR;Send;2
M1;I2L;GapJunction;2
M1;I2R;GapJunction;2
M1;I3;GapJunction;1
M1;I4;GapJunction;1
M2L;I1E;Send;3
M2L;I1L;Send;3
M2L;I3;Send;2
M2L;I3;GapJunction;1
M2L;M2R;GapJunction;1
M2L;M5;GapJunction;1
M2L;MI;Send;2
M2R;I1L;Send;3
M2R;I1R;Send;3
M2R;I3;Send;2
M2R;I3;GapJunction;1
M2R;M3L;GapJunction;1
M2R;M3R;GapJunction;1
M2R;M5;GapJunction;1
M2R;MI;Send;2
M2R;MI;GapJunction;1
M3L;I1L;Send;4
M3L;I1R;Send;4
M3L;I4;Send;2
M3L;I5;Send;3
M3L;I6;Send;1
M3L;M1;Send;1
M3L;M3R;GapJunction;1
M3L;MCL;GapJunction;1
M3L;MCR;GapJunction;1
M3L;MI;Send;1
M3L;NSML;Send;2
M3L;NSMR;Send;3
M3R;I1L;Send;4
M3R;I1R;Send;4
M3R;I3;Send;2
M3R;I4;Send;6
M3R;I5;Send;3
M3R;I6;Send;1
M3R;M1;Send;1
M3R;M3L;GapJunction;1
M3R;MCL;GapJunction;1
M3R;MCR;GapJunction;1
M3R;MI;Send;1
M3R;NSML;Send;2
M3R;NSMR;Send;3
M4;I3;Send;1
M4;I5;Send;13
M4;I6;Send;2
M4;I6;GapJunction;1
M4;M2L;GapJunction;1
M4;M2R;GapJunction;1
M4;M4;GapJunction;6
M4;M5;GapJunction;1
M4;NSML;Send;1
M4;NSMR;Send;1
M5;I5;Send;3
M5;I5;GapJunction;1
M5;I6;GapJunction;1
M5;M1;Send;1
M5;M2L;GapJunction;2
M5;M2R;GapJunction;2
M5;M5;GapJunction;4
MCL;I1L;Send;3
MCL;I1R;Send;3
MCL;I2L;Send;1
MCL;I2R;Send;1
MCL;I3;Send;1
MCL;M1;Send;1
MCL;M2L;GapJunction;2
MCL;M2R;GapJunction;2
MCR;I1L;Send;3
MCR;I1R;Send;3
MCR;I3;Send;1
MCR;M1;Send;1
MCR;M2L;GapJunction;2
MCR;M2R;GapJunction;2
MI;I1L;GapJunction;1
MI;I1R;GapJunction;1
MI;I3;GapJunction;1
MI;I4;GapJunction;1
MI;I5;GapJunction;2
MI;M1;GapJunction;1
MI;M2L;GapJunction;2
MI;M2R;GapJunction;2
MI;M3L;GapJunction;1
MI;M3R;GapJunction;1
MI;MCL;GapJunction;2
MI;MCR;GapJunction;2
NSML;I1L;Send;1
NSML;I1R;Send;2
NSML;I2L;Send;6
NSML;I2R;Send;6
NSML;I3;Send;2
NSML;I4;Send;3
NSML;I5;Send;2
NSML;I6;Send;2
NSML;M3L;Send;1
NSML;M3R;Send;1
NSMR;I1L;Send;2
NSMR;I1R;Send;2
NSMR;I2L;Send;6
NSMR;I2R;Send;6
NSMR;I3;Send;2
NSMR;I4;Send;3
NSMR;I5;Send;2
NSMR;I6;Send;2
NSMR;M3L;Send;1
NSMR;M3R;Send;1
;;;
